-- MySQL dump 10.13  Distrib 8.1.0, for macos13 (arm64)
--
-- Host: localhost    Database: ResumeManagerDB
-- ------------------------------------------------------
-- Server version	8.1.0

/*!40101 SET @OLD_CHARACTER_SET_CLIENT=@@CHARACTER_SET_CLIENT */;
/*!40101 SET @OLD_CHARACTER_SET_RESULTS=@@CHARACTER_SET_RESULTS */;
/*!40101 SET @OLD_COLLATION_CONNECTION=@@COLLATION_CONNECTION */;
/*!50503 SET NAMES utf8mb4 */;
/*!40103 SET @OLD_TIME_ZONE=@@TIME_ZONE */;
/*!40103 SET TIME_ZONE='+00:00' */;
/*!40014 SET @OLD_UNIQUE_CHECKS=@@UNIQUE_CHECKS, UNIQUE_CHECKS=0 */;
/*!40014 SET @OLD_FOREIGN_KEY_CHECKS=@@FOREIGN_KEY_CHECKS, FOREIGN_KEY_CHECKS=0 */;
/*!40101 SET @OLD_SQL_MODE=@@SQL_MODE, SQL_MODE='NO_AUTO_VALUE_ON_ZERO' */;
/*!40111 SET @OLD_SQL_NOTES=@@SQL_NOTES, SQL_NOTES=0 */;

--
-- Table structure for table `Account`
--

DROP TABLE IF EXISTS `Account`;
/*!40101 SET @saved_cs_client     = @@character_set_client */;
/*!50503 SET character_set_client = utf8mb4 */;
CREATE TABLE `Account` (
  `id` int unsigned NOT NULL AUTO_INCREMENT,
  `username` varchar(32) NOT NULL,
  `password` varchar(255) NOT NULL,
  `security_question` varchar(255) NOT NULL,
  `security_answer` varchar(128) NOT NULL,
  `email` varchar(128) NOT NULL,
  `two_fa_status` int NOT NULL,
  `profile_picture` varchar(255) DEFAULT NULL,
  `cell_phone_number` varchar(24) DEFAULT NULL,
  `cell_phone_carrier` varchar(32) DEFAULT NULL,
  `role` varchar(32) DEFAULT 'employee',
  `suspended_until` timestamp NULL DEFAULT NULL,
  PRIMARY KEY (`id`)
) ENGINE=InnoDB AUTO_INCREMENT=177 DEFAULT CHARSET=utf8mb4 COLLATE=utf8mb4_0900_ai_ci;
/*!40101 SET character_set_client = @saved_cs_client */;

--
-- Dumping data for table `Account`
--

LOCK TABLES `Account` WRITE;
/*!40000 ALTER TABLE `Account` DISABLE KEYS */;
INSERT INTO `Account` VALUES (32,'employee1','password123','In what city or town were you born?','Answer1','employee1@example.com',0,NULL,NULL,NULL,'employee',NULL),(33,'employee2','password123','In what city or town were you born?','Answer2','employee2@example.com',0,NULL,NULL,NULL,'employee',NULL),(34,'employee3','password123','In what city or town were you born?','Answer3','employee3@example.com',0,NULL,NULL,NULL,'employee',NULL),(35,'employee4','password123','In what city or town were you born?','Answer4','employee4@example.com',0,NULL,NULL,NULL,'employee',NULL),(36,'employee5','password123','In what city or town were you born?','Answer5','employee5@example.com',0,NULL,NULL,NULL,'employee',NULL),(37,'employee6','password123','In what city or town were you born?','Answer6','employee6@example.com',0,NULL,NULL,NULL,'employee',NULL),(38,'employee7','password123','In what city or town were you born?','Answer7','employee7@example.com',0,NULL,NULL,NULL,'employee',NULL),(39,'employee8','password123','In what city or town were you born?','Answer8','employee8@example.com',0,NULL,NULL,NULL,'employee',NULL),(40,'employee9','password123','In what city or town were you born?','Answer9','employee9@example.com',0,NULL,NULL,NULL,'employee',NULL),(41,'employee10','password123','In what city or town were you born?','Answer10','employee10@example.com',0,NULL,NULL,NULL,'employee',NULL),(47,'manager81','password123','In what city or town were you born?','Answer81','manager81@example.com',0,NULL,NULL,NULL,'manager',NULL),(48,'manager82','password123','In what city or town were you born?','Answer82','manager82@example.com',0,NULL,NULL,NULL,'manager',NULL),(49,'manager83','password123','In what city or town were you born?','Answer83','manager83@example.com',0,NULL,NULL,NULL,'manager',NULL),(50,'manager84','password123','In what city or town were you born?','Answer84','manager84@example.com',0,NULL,NULL,NULL,'manager',NULL),(51,'manager85','password123','In what city or town were you born?','Answer85','manager85@example.com',0,NULL,NULL,NULL,'manager',NULL),(52,'manager86','password123','In what city or town were you born?','Answer86','manager86@example.com',0,NULL,NULL,NULL,'manager',NULL),(53,'manager87','password123','In what city or town were you born?','Answer87','manager87@example.com',0,NULL,NULL,NULL,'manager',NULL),(54,'manager88','password123','In what city or town were you born?','Answer88','manager88@example.com',0,NULL,NULL,NULL,'manager',NULL),(55,'manager89','password123','In what city or town were you born?','Answer89','manager89@example.com',0,NULL,NULL,NULL,'manager',NULL),(56,'manager90','password123','In what city or town were you born?','Answer90','manager90@example.com',0,NULL,NULL,NULL,'manager',NULL),(62,'admin96','password123','In what city or town were you born?','Answer96','admin96@example.com',0,NULL,NULL,NULL,'admin',NULL),(63,'admin97','password123','In what city or town were you born?','Answer97','admin97@example.com',0,NULL,NULL,NULL,'admin',NULL),(64,'admin98','password123','In what city or town were you born?','Answer98','admin98@example.com',0,NULL,NULL,NULL,'admin',NULL),(65,'admin99','password123','In what city or town were you born?','Answer99','admin99@example.com',0,NULL,NULL,NULL,'admin',NULL),(66,'admin100','password123','In what city or town were you born?','Answer100','admin100@example.com',0,NULL,NULL,NULL,'admin',NULL),(69,'employee11','password123','In what city or town were you born?','Answer11','employee11@example.com',0,NULL,NULL,NULL,'employee',NULL),(70,'employee12','password123','In what city or town were you born?','Answer12','employee12@example.com',0,NULL,NULL,NULL,'employee',NULL),(71,'employee13','password123','In what city or town were you born?','Answer13','employee13@example.com',0,NULL,NULL,NULL,'employee',NULL),(72,'employee14','password123','In what city or town were you born?','Answer14','employee14@example.com',0,NULL,NULL,NULL,'employee',NULL),(73,'employee15','password123','In what city or town were you born?','Answer15','employee15@example.com',0,NULL,NULL,NULL,'employee',NULL),(74,'employee16','password123','In what city or town were you born?','Answer16','employee16@example.com',0,NULL,NULL,NULL,'employee',NULL),(75,'employee17','password123','In what city or town were you born?','Answer17','employee17@example.com',0,NULL,NULL,NULL,'employee',NULL),(76,'employee18','password123','In what city or town were you born?','Answer18','employee18@example.com',0,NULL,NULL,NULL,'employee',NULL),(77,'employee19','password123','In what city or town were you born?','Answer19','employee19@example.com',0,NULL,NULL,NULL,'employee',NULL),(78,'employee20','password123','In what city or town were you born?','Answer20','employee20@example.com',0,NULL,NULL,NULL,'employee',NULL),(84,'employee21','password123','In what city or town were you born?','Answer21','employee21@example.com',0,NULL,NULL,NULL,'employee',NULL),(85,'employee22','password123','In what city or town were you born?','Answer22','employee22@example.com',0,NULL,NULL,NULL,'employee',NULL),(86,'employee23','password123','In what city or town were you born?','Answer23','employee23@example.com',0,NULL,NULL,NULL,'employee',NULL),(87,'employee24','password123','In what city or town were you born?','Answer24','employee24@example.com',0,NULL,NULL,NULL,'employee',NULL),(88,'employee25','password123','In what city or town were you born?','Answer25','employee25@example.com',0,NULL,NULL,NULL,'employee',NULL),(89,'employee26','password123','In what city or town were you born?','Answer26','employee26@example.com',0,NULL,NULL,NULL,'employee',NULL),(90,'employee27','password123','In what city or town were you born?','Answer27','employee27@example.com',0,NULL,NULL,NULL,'employee',NULL),(91,'employee28','password123','In what city or town were you born?','Answer28','employee28@example.com',0,NULL,NULL,NULL,'employee',NULL),(92,'employee29','password123','In what city or town were you born?','Answer29','employee29@example.com',0,NULL,NULL,NULL,'employee',NULL),(93,'employee30','password123','In what city or town were you born?','Answer30','employee30@example.com',0,NULL,NULL,NULL,'employee',NULL),(99,'employee31','password123','In what city or town were you born?','Answer31','employee31@example.com',0,NULL,NULL,NULL,'employee',NULL),(100,'employee32','password123','In what city or town were you born?','Answer32','employee32@example.com',0,NULL,NULL,NULL,'employee',NULL),(101,'employee33','password123','In what city or town were you born?','Answer33','employee33@example.com',0,NULL,NULL,NULL,'employee',NULL),(102,'employee34','password123','In what city or town were you born?','Answer34','employee34@example.com',0,NULL,NULL,NULL,'employee',NULL),(103,'employee35','password123','In what city or town were you born?','Answer35','employee35@example.com',0,NULL,NULL,NULL,'employee',NULL),(104,'employee36','password123','In what city or town were you born?','Answer36','employee36@example.com',0,NULL,NULL,NULL,'employee',NULL),(105,'employee37','password123','In what city or town were you born?','Answer37','employee37@example.com',0,NULL,NULL,NULL,'employee',NULL),(106,'employee38','password123','In what city or town were you born?','Answer38','employee38@example.com',0,NULL,NULL,NULL,'employee',NULL),(107,'employee39','password123','In what city or town were you born?','Answer39','employee39@example.com',0,NULL,NULL,NULL,'employee',NULL),(108,'employee40','password123','In what city or town were you born?','Answer40','employee40@example.com',0,NULL,NULL,NULL,'employee',NULL),(114,'employee41','password123','In what city or town were you born?','Answer41','employee41@example.com',0,NULL,NULL,NULL,'employee',NULL),(115,'employee42','password123','In what city or town were you born?','Answer42','employee42@example.com',0,NULL,NULL,NULL,'employee',NULL),(116,'employee43','password123','In what city or town were you born?','Answer43','employee43@example.com',0,NULL,NULL,NULL,'employee',NULL),(117,'employee44','password123','In what city or town were you born?','Answer44','employee44@example.com',0,NULL,NULL,NULL,'employee',NULL),(118,'employee45','password123','In what city or town were you born?','Answer45','employee45@example.com',0,NULL,NULL,NULL,'employee',NULL),(119,'employee46','password123','In what city or town were you born?','Answer46','employee46@example.com',0,NULL,NULL,NULL,'employee',NULL),(120,'employee47','password123','In what city or town were you born?','Answer47','employee47@example.com',0,NULL,NULL,NULL,'employee',NULL),(121,'employee48','password123','In what city or town were you born?','Answer48','employee48@example.com',0,NULL,NULL,NULL,'employee',NULL),(122,'employee49','password123','In what city or town were you born?','Answer49','employee49@example.com',0,NULL,NULL,NULL,'employee',NULL),(123,'employee50','password123','In what city or town were you born?','Answer50','employee50@example.com',0,NULL,NULL,NULL,'employee',NULL),(129,'employee51','password123','In what city or town were you born?','Answer51','employee51@example.com',0,NULL,NULL,NULL,'employee',NULL),(130,'employee52','password123','In what city or town were you born?','Answer52','employee52@example.com',0,NULL,NULL,NULL,'employee',NULL),(131,'employee53','password123','In what city or town were you born?','Answer53','employee53@example.com',0,NULL,NULL,NULL,'employee',NULL),(132,'employee54','password123','In what city or town were you born?','Answer54','employee54@example.com',0,NULL,NULL,NULL,'employee',NULL),(133,'employee55','password123','In what city or town were you born?','Answer55','employee55@example.com',0,NULL,NULL,NULL,'employee',NULL),(134,'employee56','password123','In what city or town were you born?','Answer56','employee56@example.com',0,NULL,NULL,NULL,'employee',NULL),(135,'employee57','password123','In what city or town were you born?','Answer57','employee57@example.com',0,NULL,NULL,NULL,'employee',NULL),(136,'employee58','password123','In what city or town were you born?','Answer58','employee58@example.com',0,NULL,NULL,NULL,'employee',NULL),(137,'employee59','password123','In what city or town were you born?','Answer59','employee59@example.com',0,NULL,NULL,NULL,'employee',NULL),(138,'employee60','password123','In what city or town were you born?','Answer60','employee60@example.com',0,NULL,NULL,NULL,'employee',NULL),(144,'employee61','password123','In what city or town were you born?','Answer61','employee61@example.com',0,NULL,NULL,NULL,'employee',NULL),(145,'employee62','password123','In what city or town were you born?','Answer62','employee62@example.com',0,NULL,NULL,NULL,'employee',NULL),(146,'employee63','password123','In what city or town were you born?','Answer63','employee63@example.com',0,NULL,NULL,NULL,'employee',NULL),(147,'employee64','password123','In what city or town were you born?','Answer64','employee64@example.com',0,NULL,NULL,NULL,'employee',NULL),(148,'employee65','password123','In what city or town were you born?','Answer65','employee65@example.com',0,NULL,NULL,NULL,'employee',NULL),(149,'employee66','password123','In what city or town were you born?','Answer66','employee66@example.com',0,NULL,NULL,NULL,'employee',NULL),(150,'employee67','password123','In what city or town were you born?','Answer67','employee67@example.com',0,NULL,NULL,NULL,'employee',NULL),(151,'employee68','password123','In what city or town were you born?','Answer68','employee68@example.com',0,NULL,NULL,NULL,'employee',NULL),(152,'employee69','password123','In what city or town were you born?','Answer69','employee69@example.com',0,NULL,NULL,NULL,'employee',NULL),(153,'employee70','password123','In what city or town were you born?','Answer70','employee70@example.com',0,NULL,NULL,NULL,'employee',NULL),(159,'employee71','password123','In what city or town were you born?','Answer71','employee71@example.com',0,NULL,NULL,NULL,'employee',NULL),(160,'employee72','password123','In what city or town were you born?','Answer72','employee72@example.com',0,NULL,NULL,NULL,'employee',NULL),(161,'employee73','password123','In what city or town were you born?','Answer73','employee73@example.com',0,NULL,NULL,NULL,'employee',NULL),(162,'employee74','password123','In what city or town were you born?','Answer74','employee74@example.com',0,NULL,NULL,NULL,'employee',NULL),(163,'employee75','password123','In what city or town were you born?','Answer75','employee75@example.com',0,NULL,NULL,NULL,'employee',NULL),(164,'employee76','password123','In what city or town were you born?','Answer76','employee76@example.com',0,NULL,NULL,NULL,'employee',NULL),(165,'employee77','password123','In what city or town were you born?','Answer77','employee77@example.com',0,NULL,NULL,NULL,'employee',NULL),(166,'employee78','password123','In what city or town were you born?','Answer78','employee78@example.com',0,NULL,NULL,NULL,'employee',NULL),(167,'employee79','password123','In what city or town were you born?','Answer79','employee79@example.com',0,NULL,NULL,NULL,'employee',NULL),(168,'employee80','password123','In what city or town were you born?','Answer80','employee80@example.com',0,NULL,NULL,NULL,'employee',NULL);
/*!40000 ALTER TABLE `Account` ENABLE KEYS */;
UNLOCK TABLES;

--
-- Table structure for table `Address`
--

DROP TABLE IF EXISTS `Address`;
/*!40101 SET @saved_cs_client     = @@character_set_client */;
/*!50503 SET character_set_client = utf8mb4 */;
CREATE TABLE `Address` (
  `id` int unsigned NOT NULL,
  `address1` varchar(128) NOT NULL,
  `address2` varchar(128) DEFAULT NULL,
  `city` varchar(64) NOT NULL,
  `state_name` varchar(32) NOT NULL,
  `zipcode` varchar(10) NOT NULL,
  `country` varchar(255) NOT NULL,
  `email` varchar(128) NOT NULL,
  `phone_number` varchar(24) DEFAULT NULL,
  PRIMARY KEY (`id`),
  CONSTRAINT `address_ibfk_1` FOREIGN KEY (`id`) REFERENCES `Account` (`id`) ON DELETE CASCADE
) ENGINE=InnoDB DEFAULT CHARSET=utf8mb4 COLLATE=utf8mb4_0900_ai_ci;
/*!40101 SET character_set_client = @saved_cs_client */;

--
-- Dumping data for table `Address`
--

LOCK TABLES `Address` WRITE;
/*!40000 ALTER TABLE `Address` DISABLE KEYS */;
INSERT INTO `Address` VALUES (32,'Address1_32','Address2_32','City_32','State_32','Zip_32','Country_32','email32@example.com','555-555-0032'),(33,'Address1_33','Address2_33','City_33','State_33','Zip_33','Country_33','email33@example.com','555-555-0033'),(34,'Address1_34','Address2_34','City_34','State_34','Zip_34','Country_34','email34@example.com','555-555-0034'),(35,'Address1_35','Address2_35','City_35','State_35','Zip_35','Country_35','email35@example.com','555-555-0035'),(36,'Address1_36','Address2_36','City_36','State_36','Zip_36','Country_36','email36@example.com','555-555-0036'),(37,'Address1_37','Address2_37','City_37','State_37','Zip_37','Country_37','email37@example.com','555-555-0037'),(38,'Address1_38','Address2_38','City_38','State_38','Zip_38','Country_38','email38@example.com','555-555-0038'),(39,'Address1_39','Address2_39','City_39','State_39','Zip_39','Country_39','email39@example.com','555-555-0039'),(40,'Address1_40','Address2_40','City_40','State_40','Zip_40','Country_40','email40@example.com','555-555-0040'),(41,'Address1_41','Address2_41','City_41','State_41','Zip_41','Country_41','email41@example.com','555-555-0041'),(47,'Address1_47','Address2_47','City_47','State_47','Zip_47','Country_47','email47@example.com','555-555-0047'),(48,'Address1_48','Address2_48','City_48','State_48','Zip_48','Country_48','email48@example.com','555-555-0048'),(49,'Address1_49','Address2_49','City_49','State_49','Zip_49','Country_49','email49@example.com','555-555-0049'),(50,'Address1_50','Address2_50','City_50','State_50','Zip_50','Country_50','email50@example.com','555-555-0050'),(51,'Address1_51','Address2_51','City_51','State_51','Zip_51','Country_51','email51@example.com','555-555-0051'),(52,'Address1_52','Address2_52','City_52','State_52','Zip_52','Country_52','email52@example.com','555-555-0052'),(53,'Address1_53','Address2_53','City_53','State_53','Zip_53','Country_53','email53@example.com','555-555-0053'),(54,'Address1_54','Address2_54','City_54','State_54','Zip_54','Country_54','email54@example.com','555-555-0054'),(55,'Address1_55','Address2_55','City_55','State_55','Zip_55','Country_55','email55@example.com','555-555-0055'),(56,'Address1_56','Address2_56','City_56','State_56','Zip_56','Country_56','email56@example.com','555-555-0056'),(62,'Address1_62','Address2_62','City_62','State_62','Zip_62','Country_62','email62@example.com','555-555-0062'),(63,'Address1_63','Address2_63','City_63','State_63','Zip_63','Country_63','email63@example.com','555-555-0063'),(64,'Address1_64','Address2_64','City_64','State_64','Zip_64','Country_64','email64@example.com','555-555-0064'),(65,'Address1_65','Address2_65','City_65','State_65','Zip_65','Country_65','email65@example.com','555-555-0065'),(66,'Address1_66','Address2_66','City_66','State_66','Zip_66','Country_66','email66@example.com','555-555-0066'),(69,'Address1_69','Address2_69','City_69','State_69','Zip_69','Country_69','email69@example.com','555-555-0069'),(70,'Address1_70','Address2_70','City_70','State_70','Zip_70','Country_70','email70@example.com','555-555-0070'),(71,'Address1_71','Address2_71','City_71','State_71','Zip_71','Country_71','email71@example.com','555-555-0071'),(72,'Address1_72','Address2_72','City_72','State_72','Zip_72','Country_72','email72@example.com','555-555-0072'),(73,'Address1_73','Address2_73','City_73','State_73','Zip_73','Country_73','email73@example.com','555-555-0073'),(74,'Address1_74','Address2_74','City_74','State_74','Zip_74','Country_74','email74@example.com','555-555-0074'),(75,'Address1_75','Address2_75','City_75','State_75','Zip_75','Country_75','email75@example.com','555-555-0075'),(76,'Address1_76','Address2_76','City_76','State_76','Zip_76','Country_76','email76@example.com','555-555-0076'),(77,'Address1_77','Address2_77','City_77','State_77','Zip_77','Country_77','email77@example.com','555-555-0077'),(78,'Address1_78','Address2_78','City_78','State_78','Zip_78','Country_78','email78@example.com','555-555-0078'),(84,'Address1_84','Address2_84','City_84','State_84','Zip_84','Country_84','email84@example.com','555-555-0084'),(85,'Address1_85','Address2_85','City_85','State_85','Zip_85','Country_85','email85@example.com','555-555-0085'),(86,'Address1_86','Address2_86','City_86','State_86','Zip_86','Country_86','email86@example.com','555-555-0086'),(87,'Address1_87','Address2_87','City_87','State_87','Zip_87','Country_87','email87@example.com','555-555-0087'),(88,'Address1_88','Address2_88','City_88','State_88','Zip_88','Country_88','email88@example.com','555-555-0088'),(89,'Address1_89','Address2_89','City_89','State_89','Zip_89','Country_89','email89@example.com','555-555-0089'),(90,'Address1_90','Address2_90','City_90','State_90','Zip_90','Country_90','email90@example.com','555-555-0090'),(91,'Address1_91','Address2_91','City_91','State_91','Zip_91','Country_91','email91@example.com','555-555-0091'),(92,'Address1_92','Address2_92','City_92','State_92','Zip_92','Country_92','email92@example.com','555-555-0092'),(93,'Address1_93','Address2_93','City_93','State_93','Zip_93','Country_93','email93@example.com','555-555-0093'),(99,'Address1_99','Address2_99','City_99','State_99','Zip_99','Country_99','email99@example.com','555-555-0099'),(100,'Address1_100','Address2_100','City_100','State_100','Zip_100','Country_100','email100@example.com','555-555-0100'),(101,'Address1_101','Address2_101','City_101','State_101','Zip_101','Country_101','email101@example.com','555-555-0101'),(102,'Address1_102','Address2_102','City_102','State_102','Zip_102','Country_102','email102@example.com','555-555-0102'),(103,'Address1_103','Address2_103','City_103','State_103','Zip_103','Country_103','email103@example.com','555-555-0103'),(104,'Address1_104','Address2_104','City_104','State_104','Zip_104','Country_104','email104@example.com','555-555-0104'),(105,'Address1_105','Address2_105','City_105','State_105','Zip_105','Country_105','email105@example.com','555-555-0105'),(106,'Address1_106','Address2_106','City_106','State_106','Zip_106','Country_106','email106@example.com','555-555-0106'),(107,'Address1_107','Address2_107','City_107','State_107','Zip_107','Country_107','email107@example.com','555-555-0107'),(108,'Address1_108','Address2_108','City_108','State_108','Zip_108','Country_108','email108@example.com','555-555-0108'),(114,'Address1_114','Address2_114','City_114','State_114','Zip_114','Country_114','email114@example.com','555-555-0114'),(115,'Address1_115','Address2_115','City_115','State_115','Zip_115','Country_115','email115@example.com','555-555-0115'),(116,'Address1_116','Address2_116','City_116','State_116','Zip_116','Country_116','email116@example.com','555-555-0116'),(117,'Address1_117','Address2_117','City_117','State_117','Zip_117','Country_117','email117@example.com','555-555-0117'),(118,'Address1_118','Address2_118','City_118','State_118','Zip_118','Country_118','email118@example.com','555-555-0118'),(119,'Address1_119','Address2_119','City_119','State_119','Zip_119','Country_119','email119@example.com','555-555-0119'),(120,'Address1_120','Address2_120','City_120','State_120','Zip_120','Country_120','email120@example.com','555-555-0120'),(121,'Address1_121','Address2_121','City_121','State_121','Zip_121','Country_121','email121@example.com','555-555-0121'),(122,'Address1_122','Address2_122','City_122','State_122','Zip_122','Country_122','email122@example.com','555-555-0122'),(123,'Address1_123','Address2_123','City_123','State_123','Zip_123','Country_123','email123@example.com','555-555-0123'),(129,'Address1_129','Address2_129','City_129','State_129','Zip_129','Country_129','email129@example.com','555-555-0129'),(130,'Address1_130','Address2_130','City_130','State_130','Zip_130','Country_130','email130@example.com','555-555-0130'),(131,'Address1_131','Address2_131','City_131','State_131','Zip_131','Country_131','email131@example.com','555-555-0131'),(132,'Address1_132','Address2_132','City_132','State_132','Zip_132','Country_132','email132@example.com','555-555-0132'),(133,'Address1_133','Address2_133','City_133','State_133','Zip_133','Country_133','email133@example.com','555-555-0133'),(134,'Address1_134','Address2_134','City_134','State_134','Zip_134','Country_134','email134@example.com','555-555-0134'),(135,'Address1_135','Address2_135','City_135','State_135','Zip_135','Country_135','email135@example.com','555-555-0135'),(136,'Address1_136','Address2_136','City_136','State_136','Zip_136','Country_136','email136@example.com','555-555-0136'),(137,'Address1_137','Address2_137','City_137','State_137','Zip_137','Country_137','email137@example.com','555-555-0137'),(138,'Address1_138','Address2_138','City_138','State_138','Zip_138','Country_138','email138@example.com','555-555-0138'),(144,'Address1_144','Address2_144','City_144','State_144','Zip_144','Country_144','email144@example.com','555-555-0144'),(145,'Address1_145','Address2_145','City_145','State_145','Zip_145','Country_145','email145@example.com','555-555-0145'),(146,'Address1_146','Address2_146','City_146','State_146','Zip_146','Country_146','email146@example.com','555-555-0146'),(147,'Address1_147','Address2_147','City_147','State_147','Zip_147','Country_147','email147@example.com','555-555-0147'),(148,'Address1_148','Address2_148','City_148','State_148','Zip_148','Country_148','email148@example.com','555-555-0148'),(149,'Address1_149','Address2_149','City_149','State_149','Zip_149','Country_149','email149@example.com','555-555-0149'),(150,'Address1_150','Address2_150','City_150','State_150','Zip_150','Country_150','email150@example.com','555-555-0150'),(151,'Address1_151','Address2_151','City_151','State_151','Zip_151','Country_151','email151@example.com','555-555-0151'),(152,'Address1_152','Address2_152','City_152','State_152','Zip_152','Country_152','email152@example.com','555-555-0152'),(153,'Address1_153','Address2_153','City_153','State_153','Zip_153','Country_153','email153@example.com','555-555-0153'),(159,'Address1_159','Address2_159','City_159','State_159','Zip_159','Country_159','email159@example.com','555-555-0159'),(160,'Address1_160','Address2_160','City_160','State_160','Zip_160','Country_160','email160@example.com','555-555-0160'),(161,'Address1_161','Address2_161','City_161','State_161','Zip_161','Country_161','email161@example.com','555-555-0161'),(162,'Address1_162','Address2_162','City_162','State_162','Zip_162','Country_162','email162@example.com','555-555-0162'),(163,'Address1_163','Address2_163','City_163','State_163','Zip_163','Country_163','email163@example.com','555-555-0163'),(164,'Address1_164','Address2_164','City_164','State_164','Zip_164','Country_164','email164@example.com','555-555-0164'),(165,'Address1_165','Address2_165','City_165','State_165','Zip_165','Country_165','email165@example.com','555-555-0165'),(166,'Address1_166','Address2_166','City_166','State_166','Zip_166','Country_166','email166@example.com','555-555-0166'),(167,'Address1_167','Address2_167','City_167','State_167','Zip_167','Country_167','email167@example.com','555-555-0167'),(168,'Address1_168','Address2_168','City_168','State_168','Zip_168','Country_168','email168@example.com','555-555-0168');
/*!40000 ALTER TABLE `Address` ENABLE KEYS */;
UNLOCK TABLES;

--
-- Table structure for table `Attachment`
--

DROP TABLE IF EXISTS `Attachment`;
/*!40101 SET @saved_cs_client     = @@character_set_client */;
/*!50503 SET character_set_client = utf8mb4 */;
CREATE TABLE `Attachment` (
  `id` int unsigned NOT NULL AUTO_INCREMENT,
  `user` int unsigned NOT NULL,
  `name` varchar(255) NOT NULL,
  PRIMARY KEY (`id`),
  KEY `user` (`user`),
  CONSTRAINT `attachment_ibfk_1` FOREIGN KEY (`user`) REFERENCES `Account` (`id`) ON DELETE CASCADE
) ENGINE=InnoDB AUTO_INCREMENT=9 DEFAULT CHARSET=utf8mb4 COLLATE=utf8mb4_0900_ai_ci;
/*!40101 SET character_set_client = @saved_cs_client */;

--
-- Dumping data for table `Attachment`
--

LOCK TABLES `Attachment` WRITE;
/*!40000 ALTER TABLE `Attachment` DISABLE KEYS */;
/*!40000 ALTER TABLE `Attachment` ENABLE KEYS */;
UNLOCK TABLES;

--
-- Table structure for table `BasicInfo`
--

DROP TABLE IF EXISTS `BasicInfo`;
/*!40101 SET @saved_cs_client     = @@character_set_client */;
/*!50503 SET character_set_client = utf8mb4 */;
CREATE TABLE `BasicInfo` (
  `id` int unsigned NOT NULL,
  `first_name` varchar(32) NOT NULL,
  `middle_name` varchar(32) DEFAULT NULL,
  `last_name` varchar(32) NOT NULL,
  `dob` date NOT NULL DEFAULT (date_format(now(),_utf8mb4'%Y-%m-%d')),
  `summary` varchar(512) DEFAULT NULL,
  PRIMARY KEY (`id`),
  CONSTRAINT `basicinfo_ibfk_1` FOREIGN KEY (`id`) REFERENCES `Account` (`id`) ON DELETE CASCADE
) ENGINE=InnoDB DEFAULT CHARSET=utf8mb4 COLLATE=utf8mb4_0900_ai_ci;
/*!40101 SET character_set_client = @saved_cs_client */;

--
-- Dumping data for table `BasicInfo`
--

LOCK TABLES `BasicInfo` WRITE;
/*!40000 ALTER TABLE `BasicInfo` DISABLE KEYS */;
INSERT INTO `BasicInfo` VALUES (32,'First Name 32','Middle Name 32','Last Name 32','1973-11-29','Summary for id 32'),(33,'First Name 33','Middle Name 33','Last Name 33','1983-11-29','Summary for id 33'),(34,'First Name 34','Middle Name 34','Last Name 34','1993-11-29','Summary for id 34'),(35,'First Name 35','Middle Name 35','Last Name 35','1983-11-29','Summary for id 35'),(36,'First Name 36','Middle Name 36','Last Name 36','1993-11-29','Summary for id 36'),(37,'First Name 37','Middle Name 37','Last Name 37','1993-11-29','Summary for id 37'),(38,'First Name 38','Middle Name 38','Last Name 38','1983-11-29','Summary for id 38'),(39,'First Name 39','Middle Name 39','Last Name 39','1973-11-29','Summary for id 39'),(40,'First Name 40','Middle Name 40','Last Name 40','1993-11-29','Summary for id 40'),(41,'First Name 41','Middle Name 41','Last Name 41','2003-11-29','Summary for id 41'),(47,'First Name 47','Middle Name 47','Last Name 47','2003-11-29','Summary for id 47'),(48,'First Name 48','Middle Name 48','Last Name 48','1993-11-29','Summary for id 48'),(49,'First Name 49','Middle Name 49','Last Name 49','1993-11-29','Summary for id 49'),(50,'First Name 50','Middle Name 50','Last Name 50','1983-11-29','Summary for id 50'),(51,'First Name 51','Middle Name 51','Last Name 51','1993-11-29','Summary for id 51'),(52,'First Name 52','Middle Name 52','Last Name 52','1973-11-29','Summary for id 52'),(53,'First Name 53','Middle Name 53','Last Name 53','2003-11-29','Summary for id 53'),(54,'First Name 54','Middle Name 54','Last Name 54','2003-11-29','Summary for id 54'),(55,'First Name 55','Middle Name 55','Last Name 55','1993-11-29','Summary for id 55'),(56,'First Name 56','Middle Name 56','Last Name 56','1993-11-29','Summary for id 56'),(62,'First Name 62','Middle Name 62','Last Name 62','2003-11-29','Summary for id 62'),(63,'First Name 63','Middle Name 63','Last Name 63','1993-11-29','Summary for id 63'),(64,'First Name 64','Middle Name 64','Last Name 64','1993-11-29','Summary for id 64'),(65,'First Name 65','Middle Name 65','Last Name 65','1983-11-29','Summary for id 65'),(66,'First Name 66','Middle Name 66','Last Name 66','1993-11-29','Summary for id 66'),(69,'First Name 69','Middle Name 69','Last Name 69','1993-11-29','Summary for id 69'),(70,'First Name 70','Middle Name 70','Last Name 70','1993-11-29','Summary for id 70'),(71,'First Name 71','Middle Name 71','Last Name 71','2003-11-29','Summary for id 71'),(72,'First Name 72','Middle Name 72','Last Name 72','2003-11-29','Summary for id 72'),(73,'First Name 73','Middle Name 73','Last Name 73','1983-11-29','Summary for id 73'),(74,'First Name 74','Middle Name 74','Last Name 74','1983-11-29','Summary for id 74'),(75,'First Name 75','Middle Name 75','Last Name 75','1993-11-29','Summary for id 75'),(76,'First Name 76','Middle Name 76','Last Name 76','2003-11-29','Summary for id 76'),(77,'First Name 77','Middle Name 77','Last Name 77','1993-11-29','Summary for id 77'),(78,'First Name 78','Middle Name 78','Last Name 78','1973-11-29','Summary for id 78'),(84,'First Name 84','Middle Name 84','Last Name 84','2003-11-29','Summary for id 84'),(85,'First Name 85','Middle Name 85','Last Name 85','1973-11-29','Summary for id 85'),(86,'First Name 86','Middle Name 86','Last Name 86','1993-11-29','Summary for id 86'),(87,'First Name 87','Middle Name 87','Last Name 87','2003-11-29','Summary for id 87'),(88,'First Name 88','Middle Name 88','Last Name 88','2003-11-29','Summary for id 88'),(89,'First Name 89','Middle Name 89','Last Name 89','1983-11-29','Summary for id 89'),(90,'First Name 90','Middle Name 90','Last Name 90','2003-11-29','Summary for id 90'),(91,'First Name 91','Middle Name 91','Last Name 91','1973-11-29','Summary for id 91'),(92,'First Name 92','Middle Name 92','Last Name 92','1993-11-29','Summary for id 92'),(93,'First Name 93','Middle Name 93','Last Name 93','1983-11-29','Summary for id 93'),(99,'First Name 99','Middle Name 99','Last Name 99','1993-11-29','Summary for id 99'),(100,'First Name 100','Middle Name 100','Last Name 100','1983-11-29','Summary for id 100'),(101,'First Name 101','Middle Name 101','Last Name 101','1993-11-29','Summary for id 101'),(102,'First Name 102','Middle Name 102','Last Name 102','1973-11-29','Summary for id 102'),(103,'First Name 103','Middle Name 103','Last Name 103','1973-11-29','Summary for id 103'),(104,'First Name 104','Middle Name 104','Last Name 104','1993-11-29','Summary for id 104'),(105,'First Name 105','Middle Name 105','Last Name 105','2003-11-29','Summary for id 105'),(106,'First Name 106','Middle Name 106','Last Name 106','2003-11-29','Summary for id 106'),(107,'First Name 107','Middle Name 107','Last Name 107','1983-11-29','Summary for id 107'),(108,'First Name 108','Middle Name 108','Last Name 108','2003-11-29','Summary for id 108'),(114,'First Name 114','Middle Name 114','Last Name 114','1983-11-29','Summary for id 114'),(115,'First Name 115','Middle Name 115','Last Name 115','2003-11-29','Summary for id 115'),(116,'First Name 116','Middle Name 116','Last Name 116','1993-11-29','Summary for id 116'),(117,'First Name 117','Middle Name 117','Last Name 117','1983-11-29','Summary for id 117'),(118,'First Name 118','Middle Name 118','Last Name 118','1983-11-29','Summary for id 118'),(119,'First Name 119','Middle Name 119','Last Name 119','1993-11-29','Summary for id 119'),(120,'First Name 120','Middle Name 120','Last Name 120','1973-11-29','Summary for id 120'),(121,'First Name 121','Middle Name 121','Last Name 121','1983-11-29','Summary for id 121'),(122,'First Name 122','Middle Name 122','Last Name 122','1993-11-29','Summary for id 122'),(123,'First Name 123','Middle Name 123','Last Name 123','1973-11-29','Summary for id 123'),(129,'First Name 129','Middle Name 129','Last Name 129','1973-11-29','Summary for id 129'),(130,'First Name 130','Middle Name 130','Last Name 130','1993-11-29','Summary for id 130'),(131,'First Name 131','Middle Name 131','Last Name 131','1993-11-29','Summary for id 131'),(132,'First Name 132','Middle Name 132','Last Name 132','1993-11-29','Summary for id 132'),(133,'First Name 133','Middle Name 133','Last Name 133','1983-11-29','Summary for id 133'),(134,'First Name 134','Middle Name 134','Last Name 134','1983-11-29','Summary for id 134'),(135,'First Name 135','Middle Name 135','Last Name 135','1983-11-29','Summary for id 135'),(136,'First Name 136','Middle Name 136','Last Name 136','1993-11-29','Summary for id 136'),(137,'First Name 137','Middle Name 137','Last Name 137','2003-11-29','Summary for id 137'),(138,'First Name 138','Middle Name 138','Last Name 138','1983-11-29','Summary for id 138'),(144,'First Name 144','Middle Name 144','Last Name 144','2003-11-29','Summary for id 144'),(145,'First Name 145','Middle Name 145','Last Name 145','1983-11-29','Summary for id 145'),(146,'First Name 146','Middle Name 146','Last Name 146','1983-11-29','Summary for id 146'),(147,'First Name 147','Middle Name 147','Last Name 147','1993-11-29','Summary for id 147'),(148,'First Name 148','Middle Name 148','Last Name 148','1993-11-29','Summary for id 148'),(149,'First Name 149','Middle Name 149','Last Name 149','1983-11-29','Summary for id 149'),(150,'First Name 150','Middle Name 150','Last Name 150','1993-11-29','Summary for id 150'),(151,'First Name 151','Middle Name 151','Last Name 151','1983-11-29','Summary for id 151'),(152,'First Name 152','Middle Name 152','Last Name 152','1993-11-29','Summary for id 152'),(153,'First Name 153','Middle Name 153','Last Name 153','2003-11-29','Summary for id 153'),(159,'First Name 159','Middle Name 159','Last Name 159','1983-11-29','Summary for id 159'),(160,'First Name 160','Middle Name 160','Last Name 160','2003-11-29','Summary for id 160'),(161,'First Name 161','Middle Name 161','Last Name 161','2003-11-29','Summary for id 161'),(162,'First Name 162','Middle Name 162','Last Name 162','2003-11-29','Summary for id 162'),(163,'First Name 163','Middle Name 163','Last Name 163','2003-11-29','Summary for id 163'),(164,'First Name 164','Middle Name 164','Last Name 164','1993-11-29','Summary for id 164'),(165,'First Name 165','Middle Name 165','Last Name 165','2003-11-29','Summary for id 165'),(166,'First Name 166','Middle Name 166','Last Name 166','1993-11-29','Summary for id 166'),(167,'First Name 167','Middle Name 167','Last Name 167','2003-11-29','Summary for id 167'),(168,'First Name 168','Middle Name 168','Last Name 168','1993-11-29','Summary for id 168');
/*!40000 ALTER TABLE `BasicInfo` ENABLE KEYS */;
UNLOCK TABLES;

--
-- Table structure for table `Certificate`
--

DROP TABLE IF EXISTS `Certificate`;
/*!40101 SET @saved_cs_client     = @@character_set_client */;
/*!50503 SET character_set_client = utf8mb4 */;
CREATE TABLE `Certificate` (
  `id` int unsigned NOT NULL AUTO_INCREMENT,
  `user` int unsigned NOT NULL,
  `name` varchar(255) NOT NULL,
  `dateObtained` date NOT NULL DEFAULT (date_format(now(),_utf8mb4'%Y-%m-%d')),
  PRIMARY KEY (`id`),
  KEY `user` (`user`),
  CONSTRAINT `certificate_ibfk_1` FOREIGN KEY (`user`) REFERENCES `Account` (`id`) ON DELETE CASCADE
) ENGINE=InnoDB AUTO_INCREMENT=262 DEFAULT CHARSET=utf8mb4 COLLATE=utf8mb4_0900_ai_ci;
/*!40101 SET character_set_client = @saved_cs_client */;

--
-- Dumping data for table `Certificate`
--

LOCK TABLES `Certificate` WRITE;
/*!40000 ALTER TABLE `Certificate` DISABLE KEYS */;
INSERT INTO `Certificate` VALUES (7,32,'Certificate for user 32_2','2002-11-29'),(8,32,'Certificate for user 32_1','2000-11-29'),(9,33,'Certificate for user 33_2','2018-11-29'),(10,33,'Certificate for user 33_1','2007-11-29'),(11,34,'Certificate for user 34_3','1999-11-29'),(12,34,'Certificate for user 34_1','2004-11-29'),(13,37,'Certificate for user 37_2','2010-11-29'),(14,37,'Certificate for user 37_1','2008-11-29'),(15,38,'Certificate for user 38_3','2001-11-29'),(16,38,'Certificate for user 38_2','2002-11-29'),(17,38,'Certificate for user 38_1','2023-11-29'),(18,39,'Certificate for user 39_1','2014-11-29'),(19,41,'Certificate for user 41_2','2003-11-29'),(20,47,'Certificate for user 47_3','2012-11-29'),(21,48,'Certificate for user 48_3','2016-11-29'),(22,48,'Certificate for user 48_1','2004-11-29'),(23,49,'Certificate for user 49_2','2015-11-29'),(24,49,'Certificate for user 49_1','1999-11-29'),(25,50,'Certificate for user 50_3','2020-11-29'),(26,50,'Certificate for user 50_2','2004-11-29'),(27,51,'Certificate for user 51_1','2000-11-29'),(28,52,'Certificate for user 52_2','2001-11-29'),(29,52,'Certificate for user 52_1','2002-11-29'),(30,53,'Certificate for user 53_3','2020-11-29'),(31,53,'Certificate for user 53_2','2002-11-29'),(32,53,'Certificate for user 53_1','2010-11-29'),(33,54,'Certificate for user 54_3','2020-11-29'),(34,54,'Certificate for user 54_1','2004-11-29'),(35,55,'Certificate for user 55_3','2005-11-29'),(36,56,'Certificate for user 56_3','2001-11-29'),(37,56,'Certificate for user 56_1','2006-11-29'),(38,62,'Certificate for user 62_3','2003-11-29'),(39,62,'Certificate for user 62_2','2021-11-29'),(40,63,'Certificate for user 63_3','2021-11-29'),(41,63,'Certificate for user 63_1','2020-11-29'),(42,64,'Certificate for user 64_3','2011-11-29'),(43,65,'Certificate for user 65_3','2001-11-29'),(44,66,'Certificate for user 66_3','2001-11-29'),(45,66,'Certificate for user 66_1','1998-11-29'),(46,69,'Certificate for user 69_2','2014-11-29'),(47,69,'Certificate for user 69_1','2020-11-29'),(48,70,'Certificate for user 70_2','1995-11-29'),(49,70,'Certificate for user 70_1','2015-11-29'),(50,71,'Certificate for user 71_3','2006-11-29'),(51,71,'Certificate for user 71_1','2002-11-29'),(52,73,'Certificate for user 73_1','2019-11-29'),(53,74,'Certificate for user 74_1','2004-11-29'),(54,75,'Certificate for user 75_3','1996-11-29'),(55,75,'Certificate for user 75_2','2010-11-29'),(56,76,'Certificate for user 76_3','2000-11-29'),(57,76,'Certificate for user 76_1','1998-11-29'),(58,77,'Certificate for user 77_3','2009-11-29'),(59,77,'Certificate for user 77_1','2001-11-29'),(60,78,'Certificate for user 78_1','2020-11-29'),(61,84,'Certificate for user 84_3','2004-11-29'),(62,84,'Certificate for user 84_1','2013-11-29'),(63,85,'Certificate for user 85_1','1998-11-29'),(64,86,'Certificate for user 86_2','2018-11-29'),(65,86,'Certificate for user 86_1','2005-11-29'),(66,88,'Certificate for user 88_2','2004-11-29'),(67,89,'Certificate for user 89_2','2016-11-29'),(68,89,'Certificate for user 89_1','2018-11-29'),(69,90,'Certificate for user 90_3','2021-11-29'),(70,90,'Certificate for user 90_2','2018-11-29'),(71,90,'Certificate for user 90_1','2004-11-29'),(72,91,'Certificate for user 91_1','2008-11-29'),(73,92,'Certificate for user 92_2','2006-11-29'),(74,92,'Certificate for user 92_1','2014-11-29'),(75,93,'Certificate for user 93_3','2008-11-29'),(76,93,'Certificate for user 93_2','2011-11-29'),(77,93,'Certificate for user 93_1','1998-11-29'),(78,99,'Certificate for user 99_2','2015-11-29'),(79,99,'Certificate for user 99_1','2012-11-29'),(80,101,'Certificate for user 101_3','2018-11-29'),(81,101,'Certificate for user 101_1','2013-11-29'),(82,103,'Certificate for user 103_2','2000-11-29'),(83,104,'Certificate for user 104_3','1999-11-29'),(84,104,'Certificate for user 104_2','2020-11-29'),(85,104,'Certificate for user 104_1','2002-11-29'),(86,105,'Certificate for user 105_3','1996-11-29'),(87,105,'Certificate for user 105_1','1999-11-29'),(88,108,'Certificate for user 108_3','1999-11-29'),(89,114,'Certificate for user 114_3','1997-11-29'),(90,114,'Certificate for user 114_2','2002-11-29'),(91,115,'Certificate for user 115_2','1998-11-29'),(92,115,'Certificate for user 115_1','2003-11-29'),(93,116,'Certificate for user 116_3','1994-11-29'),(94,116,'Certificate for user 116_2','2000-11-29'),(95,117,'Certificate for user 117_3','2016-11-29'),(96,117,'Certificate for user 117_1','2023-11-29'),(97,118,'Certificate for user 118_3','2023-11-29'),(98,118,'Certificate for user 118_2','2018-11-29'),(99,119,'Certificate for user 119_3','2009-11-29'),(100,119,'Certificate for user 119_2','2021-11-29'),(101,119,'Certificate for user 119_1','1994-11-29'),(102,120,'Certificate for user 120_2','2015-11-29'),(103,120,'Certificate for user 120_1','2000-11-29'),(104,121,'Certificate for user 121_2','1994-11-29'),(105,122,'Certificate for user 122_3','2018-11-29'),(106,122,'Certificate for user 122_1','2002-11-29'),(107,123,'Certificate for user 123_3','2014-11-29'),(108,123,'Certificate for user 123_1','2011-11-29'),(109,130,'Certificate for user 130_3','2018-11-29'),(110,130,'Certificate for user 130_2','2001-11-29'),(111,131,'Certificate for user 131_1','1998-11-29'),(112,133,'Certificate for user 133_3','2010-11-29'),(113,133,'Certificate for user 133_1','2015-11-29'),(114,135,'Certificate for user 135_2','2023-11-29'),(115,137,'Certificate for user 137_2','2019-11-29'),(116,137,'Certificate for user 137_1','1994-11-29'),(117,138,'Certificate for user 138_3','2009-11-29'),(118,138,'Certificate for user 138_2','2008-11-29'),(119,144,'Certificate for user 144_3','2008-11-29'),(120,144,'Certificate for user 144_2','2012-11-29'),(121,144,'Certificate for user 144_1','2011-11-29'),(122,145,'Certificate for user 145_3','2012-11-29'),(123,147,'Certificate for user 147_2','2004-11-29'),(124,147,'Certificate for user 147_1','2018-11-29'),(125,148,'Certificate for user 148_3','2005-11-29'),(126,148,'Certificate for user 148_2','2023-11-29'),(127,148,'Certificate for user 148_1','2020-11-29'),(128,149,'Certificate for user 149_3','1999-11-29'),(129,150,'Certificate for user 150_3','1998-11-29'),(130,150,'Certificate for user 150_1','2022-11-29'),(131,151,'Certificate for user 151_3','2007-11-29'),(132,151,'Certificate for user 151_2','2018-11-29'),(133,152,'Certificate for user 152_2','1995-11-29'),(134,153,'Certificate for user 153_3','2014-11-29'),(135,153,'Certificate for user 153_2','2015-11-29'),(136,153,'Certificate for user 153_1','2000-11-29'),(137,159,'Certificate for user 159_2','2008-11-29'),(138,159,'Certificate for user 159_1','1996-11-29'),(139,160,'Certificate for user 160_1','2013-11-29'),(140,161,'Certificate for user 161_3','1994-11-29'),(141,161,'Certificate for user 161_1','2001-11-29'),(142,162,'Certificate for user 162_3','1994-11-29'),(143,163,'Certificate for user 163_3','2019-11-29'),(144,163,'Certificate for user 163_2','2021-11-29'),(145,163,'Certificate for user 163_1','2019-11-29'),(146,164,'Certificate for user 164_3','2022-11-29'),(147,164,'Certificate for user 164_2','1998-11-29'),(148,164,'Certificate for user 164_1','2005-11-29'),(149,165,'Certificate for user 165_3','2014-11-29'),(150,165,'Certificate for user 165_2','2016-11-29'),(151,166,'Certificate for user 166_2','2006-11-29'),(152,166,'Certificate for user 166_1','2013-11-29'),(153,167,'Certificate for user 167_3','2017-11-29'),(154,168,'Certificate for user 168_3','2000-11-29'),(155,168,'Certificate for user 168_1','2020-11-29');
/*!40000 ALTER TABLE `Certificate` ENABLE KEYS */;
UNLOCK TABLES;

--
-- Table structure for table `Education`
--

DROP TABLE IF EXISTS `Education`;
/*!40101 SET @saved_cs_client     = @@character_set_client */;
/*!50503 SET character_set_client = utf8mb4 */;
CREATE TABLE `Education` (
  `id` int unsigned NOT NULL AUTO_INCREMENT,
  `user` int unsigned NOT NULL,
  `instituteName` varchar(255) DEFAULT NULL,
  `degree` varchar(255) NOT NULL,
  `startDate` date NOT NULL DEFAULT (date_format(now(),_utf8mb4'%Y-%m-%d')),
  `graduationDate` date NOT NULL DEFAULT (date_format(now(),_utf8mb4'%Y-%m-%d')),
  `description` text,
  PRIMARY KEY (`id`),
  KEY `user` (`user`),
  CONSTRAINT `education_ibfk_1` FOREIGN KEY (`user`) REFERENCES `Account` (`id`) ON DELETE CASCADE
) ENGINE=InnoDB AUTO_INCREMENT=534 DEFAULT CHARSET=utf8mb4 COLLATE=utf8mb4_0900_ai_ci;
/*!40101 SET character_set_client = @saved_cs_client */;

--
-- Dumping data for table `Education`
--

LOCK TABLES `Education` WRITE;
/*!40000 ALTER TABLE `Education` DISABLE KEYS */;
INSERT INTO `Education` VALUES (23,32,'Institute for user 32_4','Degree for user 32_4','2020-11-29','2015-12-31','Description for user 32_4'),(24,32,'Institute for user 32_3','Degree for user 32_3','2022-11-29','2019-01-16','Description for user 32_3'),(25,32,'Institute for user 32_2','Degree for user 32_2','2015-11-29','2016-01-29','Description for user 32_2'),(26,33,'Institute for user 33_4','Degree for user 33_4','2016-11-29','2017-12-23','Description for user 33_4'),(27,33,'Institute for user 33_3','Degree for user 33_3','2021-11-29','2021-02-18','Description for user 33_3'),(28,33,'Institute for user 33_2','Degree for user 33_2','2018-11-29','2014-12-29','Description for user 33_2'),(29,34,'Institute for user 34_4','Degree for user 34_4','2017-11-29','2020-02-26','Description for user 34_4'),(30,34,'Institute for user 34_3','Degree for user 34_3','2016-11-29','2017-12-21','Description for user 34_3'),(31,34,'Institute for user 34_2','Degree for user 34_2','2022-11-29','2024-02-06','Description for user 34_2'),(32,35,'Institute for user 35_4','Degree for user 35_4','2017-11-29','2023-01-21','Description for user 35_4'),(33,35,'Institute for user 35_3','Degree for user 35_3','2018-11-29','2016-02-08','Description for user 35_3'),(34,35,'Institute for user 35_2','Degree for user 35_2','2020-11-29','2021-12-21','Description for user 35_2'),(35,36,'Institute for user 36_4','Degree for user 36_4','2019-11-29','2018-01-25','Description for user 36_4'),(36,36,'Institute for user 36_3','Degree for user 36_3','2020-11-29','2015-12-22','Description for user 36_3'),(37,36,'Institute for user 36_2','Degree for user 36_2','2017-11-29','2019-02-19','Description for user 36_2'),(38,37,'Institute for user 37_4','Degree for user 37_4','2016-11-29','2022-02-10','Description for user 37_4'),(39,37,'Institute for user 37_3','Degree for user 37_3','2020-11-29','2023-02-26','Description for user 37_3'),(40,37,'Institute for user 37_2','Degree for user 37_2','2020-11-29','2017-02-11','Description for user 37_2'),(41,38,'Institute for user 38_4','Degree for user 38_4','2016-11-29','2021-01-19','Description for user 38_4'),(42,38,'Institute for user 38_3','Degree for user 38_3','2016-11-29','2015-12-23','Description for user 38_3'),(43,38,'Institute for user 38_2','Degree for user 38_2','2017-11-29','2019-02-09','Description for user 38_2'),(44,39,'Institute for user 39_4','Degree for user 39_4','2021-11-29','2014-12-01','Description for user 39_4'),(45,39,'Institute for user 39_3','Degree for user 39_3','2021-11-29','2015-01-01','Description for user 39_3'),(46,39,'Institute for user 39_2','Degree for user 39_2','2015-11-29','2015-01-04','Description for user 39_2'),(47,40,'Institute for user 40_4','Degree for user 40_4','2023-11-29','2022-02-12','Description for user 40_4'),(48,40,'Institute for user 40_3','Degree for user 40_3','2019-11-29','2015-01-06','Description for user 40_3'),(49,40,'Institute for user 40_2','Degree for user 40_2','2022-11-29','2018-12-23','Description for user 40_2'),(50,41,'Institute for user 41_4','Degree for user 41_4','2017-11-29','2019-02-06','Description for user 41_4'),(51,41,'Institute for user 41_3','Degree for user 41_3','2022-11-29','2020-02-10','Description for user 41_3'),(52,41,'Institute for user 41_2','Degree for user 41_2','2017-11-29','2015-02-21','Description for user 41_2'),(53,47,'Institute for user 47_4','Degree for user 47_4','2017-11-29','2019-01-28','Description for user 47_4'),(54,47,'Institute for user 47_3','Degree for user 47_3','2016-11-29','2017-12-11','Description for user 47_3'),(55,47,'Institute for user 47_2','Degree for user 47_2','2017-11-29','2017-02-24','Description for user 47_2'),(56,48,'Institute for user 48_4','Degree for user 48_4','2019-11-29','2019-01-03','Description for user 48_4'),(57,48,'Institute for user 48_3','Degree for user 48_3','2021-11-29','2014-12-02','Description for user 48_3'),(58,48,'Institute for user 48_2','Degree for user 48_2','2020-11-29','2020-01-09','Description for user 48_2'),(59,49,'Institute for user 49_4','Degree for user 49_4','2015-11-29','2016-02-06','Description for user 49_4'),(60,49,'Institute for user 49_3','Degree for user 49_3','2021-11-29','2015-02-20','Description for user 49_3'),(61,49,'Institute for user 49_2','Degree for user 49_2','2016-11-29','2023-01-03','Description for user 49_2'),(62,50,'Institute for user 50_4','Degree for user 50_4','2019-11-29','2022-02-06','Description for user 50_4'),(63,50,'Institute for user 50_3','Degree for user 50_3','2023-11-29','2023-01-10','Description for user 50_3'),(64,50,'Institute for user 50_2','Degree for user 50_2','2015-11-29','2014-12-24','Description for user 50_2'),(65,51,'Institute for user 51_4','Degree for user 51_4','2019-11-29','2022-02-22','Description for user 51_4'),(66,51,'Institute for user 51_3','Degree for user 51_3','2014-11-29','2023-01-27','Description for user 51_3'),(67,51,'Institute for user 51_2','Degree for user 51_2','2015-11-29','2020-01-13','Description for user 51_2'),(68,52,'Institute for user 52_4','Degree for user 52_4','2022-11-29','2019-02-21','Description for user 52_4'),(69,52,'Institute for user 52_3','Degree for user 52_3','2022-11-29','2017-01-24','Description for user 52_3'),(70,52,'Institute for user 52_2','Degree for user 52_2','2016-11-29','2017-01-23','Description for user 52_2'),(71,53,'Institute for user 53_4','Degree for user 53_4','2016-11-29','2024-02-10','Description for user 53_4'),(72,53,'Institute for user 53_3','Degree for user 53_3','2014-11-29','2021-02-27','Description for user 53_3'),(73,53,'Institute for user 53_2','Degree for user 53_2','2015-11-29','2022-01-18','Description for user 53_2'),(74,54,'Institute for user 54_4','Degree for user 54_4','2022-11-29','2015-12-12','Description for user 54_4'),(75,54,'Institute for user 54_3','Degree for user 54_3','2023-11-29','2017-01-09','Description for user 54_3'),(76,54,'Institute for user 54_2','Degree for user 54_2','2022-11-29','2021-01-05','Description for user 54_2'),(77,55,'Institute for user 55_4','Degree for user 55_4','2014-11-29','2021-02-27','Description for user 55_4'),(78,55,'Institute for user 55_3','Degree for user 55_3','2014-11-29','2016-12-01','Description for user 55_3'),(79,55,'Institute for user 55_2','Degree for user 55_2','2016-11-29','2017-12-17','Description for user 55_2'),(80,56,'Institute for user 56_4','Degree for user 56_4','2014-11-29','2024-01-10','Description for user 56_4'),(81,56,'Institute for user 56_3','Degree for user 56_3','2022-11-29','2020-01-20','Description for user 56_3'),(82,56,'Institute for user 56_2','Degree for user 56_2','2017-11-29','2019-12-27','Description for user 56_2'),(83,62,'Institute for user 62_4','Degree for user 62_4','2022-11-29','2024-02-06','Description for user 62_4'),(84,62,'Institute for user 62_3','Degree for user 62_3','2017-11-29','2017-02-24','Description for user 62_3'),(85,62,'Institute for user 62_2','Degree for user 62_2','2018-11-29','2016-12-04','Description for user 62_2'),(86,63,'Institute for user 63_4','Degree for user 63_4','2023-11-29','2020-12-26','Description for user 63_4'),(87,63,'Institute for user 63_3','Degree for user 63_3','2018-11-29','2016-01-20','Description for user 63_3'),(88,63,'Institute for user 63_2','Degree for user 63_2','2020-11-29','2016-01-09','Description for user 63_2'),(89,64,'Institute for user 64_4','Degree for user 64_4','2017-11-29','2017-02-26','Description for user 64_4'),(90,64,'Institute for user 64_3','Degree for user 64_3','2018-11-29','2014-12-20','Description for user 64_3'),(91,64,'Institute for user 64_2','Degree for user 64_2','2022-11-29','2023-11-30','Description for user 64_2'),(92,65,'Institute for user 65_4','Degree for user 65_4','2016-11-29','2018-02-20','Description for user 65_4'),(93,65,'Institute for user 65_3','Degree for user 65_3','2016-11-29','2015-01-09','Description for user 65_3'),(94,65,'Institute for user 65_2','Degree for user 65_2','2019-11-29','2015-01-18','Description for user 65_2'),(95,66,'Institute for user 66_4','Degree for user 66_4','2016-11-29','2022-12-30','Description for user 66_4'),(96,66,'Institute for user 66_3','Degree for user 66_3','2020-11-29','2017-12-29','Description for user 66_3'),(97,66,'Institute for user 66_2','Degree for user 66_2','2017-11-29','2023-02-21','Description for user 66_2'),(98,69,'Institute for user 69_4','Degree for user 69_4','2022-11-29','2015-01-05','Description for user 69_4'),(99,69,'Institute for user 69_3','Degree for user 69_3','2022-11-29','2020-01-26','Description for user 69_3'),(100,69,'Institute for user 69_2','Degree for user 69_2','2014-11-29','2023-12-28','Description for user 69_2'),(101,70,'Institute for user 70_4','Degree for user 70_4','2020-11-29','2024-02-18','Description for user 70_4'),(102,70,'Institute for user 70_3','Degree for user 70_3','2019-11-29','2020-02-26','Description for user 70_3'),(103,70,'Institute for user 70_2','Degree for user 70_2','2018-11-29','2016-01-29','Description for user 70_2'),(104,71,'Institute for user 71_4','Degree for user 71_4','2016-11-29','2019-02-07','Description for user 71_4'),(105,71,'Institute for user 71_3','Degree for user 71_3','2022-11-29','2023-01-29','Description for user 71_3'),(106,71,'Institute for user 71_2','Degree for user 71_2','2016-11-29','2014-12-15','Description for user 71_2'),(107,72,'Institute for user 72_4','Degree for user 72_4','2022-11-29','2022-12-22','Description for user 72_4'),(108,72,'Institute for user 72_3','Degree for user 72_3','2015-11-29','2018-01-04','Description for user 72_3'),(109,72,'Institute for user 72_2','Degree for user 72_2','2022-11-29','2016-12-03','Description for user 72_2'),(110,73,'Institute for user 73_4','Degree for user 73_4','2023-11-29','2023-12-06','Description for user 73_4'),(111,73,'Institute for user 73_3','Degree for user 73_3','2021-11-29','2024-01-09','Description for user 73_3'),(112,73,'Institute for user 73_2','Degree for user 73_2','2022-11-29','2022-02-09','Description for user 73_2'),(113,74,'Institute for user 74_4','Degree for user 74_4','2021-11-29','2023-12-27','Description for user 74_4'),(114,74,'Institute for user 74_3','Degree for user 74_3','2019-11-29','2020-12-21','Description for user 74_3'),(115,74,'Institute for user 74_2','Degree for user 74_2','2021-11-29','2020-01-26','Description for user 74_2'),(116,75,'Institute for user 75_4','Degree for user 75_4','2016-11-29','2014-12-27','Description for user 75_4'),(117,75,'Institute for user 75_3','Degree for user 75_3','2016-11-29','2015-12-06','Description for user 75_3'),(118,75,'Institute for user 75_2','Degree for user 75_2','2016-11-29','2017-12-04','Description for user 75_2'),(119,76,'Institute for user 76_4','Degree for user 76_4','2021-11-29','2014-12-18','Description for user 76_4'),(120,76,'Institute for user 76_3','Degree for user 76_3','2022-11-29','2014-12-17','Description for user 76_3'),(121,76,'Institute for user 76_2','Degree for user 76_2','2021-11-29','2015-12-21','Description for user 76_2'),(122,77,'Institute for user 77_4','Degree for user 77_4','2016-11-29','2015-01-12','Description for user 77_4'),(123,77,'Institute for user 77_3','Degree for user 77_3','2017-11-29','2018-01-06','Description for user 77_3'),(124,77,'Institute for user 77_2','Degree for user 77_2','2023-11-29','2022-02-13','Description for user 77_2'),(125,78,'Institute for user 78_4','Degree for user 78_4','2018-11-29','2024-01-21','Description for user 78_4'),(126,78,'Institute for user 78_3','Degree for user 78_3','2015-11-29','2020-02-18','Description for user 78_3'),(127,78,'Institute for user 78_2','Degree for user 78_2','2023-11-29','2021-02-19','Description for user 78_2'),(128,84,'Institute for user 84_4','Degree for user 84_4','2020-11-29','2023-01-07','Description for user 84_4'),(129,84,'Institute for user 84_3','Degree for user 84_3','2015-11-29','2014-12-09','Description for user 84_3'),(130,84,'Institute for user 84_2','Degree for user 84_2','2016-11-29','2019-12-01','Description for user 84_2'),(131,85,'Institute for user 85_4','Degree for user 85_4','2016-11-29','2019-01-07','Description for user 85_4'),(132,85,'Institute for user 85_3','Degree for user 85_3','2017-11-29','2017-02-14','Description for user 85_3'),(133,85,'Institute for user 85_2','Degree for user 85_2','2023-11-29','2017-12-01','Description for user 85_2'),(134,86,'Institute for user 86_4','Degree for user 86_4','2021-11-29','2023-02-24','Description for user 86_4'),(135,86,'Institute for user 86_3','Degree for user 86_3','2020-11-29','2023-11-30','Description for user 86_3'),(136,86,'Institute for user 86_2','Degree for user 86_2','2014-11-29','2017-02-18','Description for user 86_2'),(137,87,'Institute for user 87_4','Degree for user 87_4','2022-11-29','2021-02-23','Description for user 87_4'),(138,87,'Institute for user 87_3','Degree for user 87_3','2015-11-29','2020-12-05','Description for user 87_3'),(139,87,'Institute for user 87_2','Degree for user 87_2','2020-11-29','2017-12-31','Description for user 87_2'),(140,88,'Institute for user 88_4','Degree for user 88_4','2017-11-29','2021-12-12','Description for user 88_4'),(141,88,'Institute for user 88_3','Degree for user 88_3','2023-11-29','2015-12-12','Description for user 88_3'),(142,88,'Institute for user 88_2','Degree for user 88_2','2022-11-29','2023-01-24','Description for user 88_2'),(143,89,'Institute for user 89_4','Degree for user 89_4','2019-11-29','2018-12-17','Description for user 89_4'),(144,89,'Institute for user 89_3','Degree for user 89_3','2019-11-29','2019-12-03','Description for user 89_3'),(145,89,'Institute for user 89_2','Degree for user 89_2','2015-11-29','2015-01-10','Description for user 89_2'),(146,90,'Institute for user 90_4','Degree for user 90_4','2020-11-29','2019-12-20','Description for user 90_4'),(147,90,'Institute for user 90_3','Degree for user 90_3','2016-11-29','2023-12-03','Description for user 90_3'),(148,90,'Institute for user 90_2','Degree for user 90_2','2023-11-29','2015-01-14','Description for user 90_2'),(149,91,'Institute for user 91_4','Degree for user 91_4','2015-11-29','2019-01-02','Description for user 91_4'),(150,91,'Institute for user 91_3','Degree for user 91_3','2022-11-29','2018-02-15','Description for user 91_3'),(151,91,'Institute for user 91_2','Degree for user 91_2','2020-11-29','2023-12-10','Description for user 91_2'),(152,92,'Institute for user 92_4','Degree for user 92_4','2018-11-29','2020-12-05','Description for user 92_4'),(153,92,'Institute for user 92_3','Degree for user 92_3','2021-11-29','2022-01-14','Description for user 92_3'),(154,92,'Institute for user 92_2','Degree for user 92_2','2017-11-29','2015-02-10','Description for user 92_2'),(155,93,'Institute for user 93_4','Degree for user 93_4','2023-11-29','2015-01-03','Description for user 93_4'),(156,93,'Institute for user 93_3','Degree for user 93_3','2022-11-29','2017-01-01','Description for user 93_3'),(157,93,'Institute for user 93_2','Degree for user 93_2','2019-11-29','2022-02-12','Description for user 93_2'),(158,99,'Institute for user 99_4','Degree for user 99_4','2019-11-29','2018-02-06','Description for user 99_4'),(159,99,'Institute for user 99_3','Degree for user 99_3','2014-11-29','2018-01-09','Description for user 99_3'),(160,99,'Institute for user 99_2','Degree for user 99_2','2022-11-29','2018-12-14','Description for user 99_2'),(161,100,'Institute for user 100_4','Degree for user 100_4','2022-11-29','2020-01-29','Description for user 100_4'),(162,100,'Institute for user 100_3','Degree for user 100_3','2023-11-29','2023-01-17','Description for user 100_3'),(163,100,'Institute for user 100_2','Degree for user 100_2','2020-11-29','2023-12-23','Description for user 100_2'),(164,101,'Institute for user 101_4','Degree for user 101_4','2022-11-29','2015-12-02','Description for user 101_4'),(165,101,'Institute for user 101_3','Degree for user 101_3','2019-11-29','2021-12-06','Description for user 101_3'),(166,101,'Institute for user 101_2','Degree for user 101_2','2019-11-29','2015-01-28','Description for user 101_2'),(167,102,'Institute for user 102_4','Degree for user 102_4','2020-11-29','2017-12-12','Description for user 102_4'),(168,102,'Institute for user 102_3','Degree for user 102_3','2015-11-29','2016-12-14','Description for user 102_3'),(169,102,'Institute for user 102_2','Degree for user 102_2','2017-11-29','2018-11-30','Description for user 102_2'),(170,103,'Institute for user 103_4','Degree for user 103_4','2020-11-29','2017-01-15','Description for user 103_4'),(171,103,'Institute for user 103_3','Degree for user 103_3','2019-11-29','2017-01-13','Description for user 103_3'),(172,103,'Institute for user 103_2','Degree for user 103_2','2022-11-29','2022-01-22','Description for user 103_2'),(173,104,'Institute for user 104_4','Degree for user 104_4','2020-11-29','2015-02-16','Description for user 104_4'),(174,104,'Institute for user 104_3','Degree for user 104_3','2019-11-29','2019-12-08','Description for user 104_3'),(175,104,'Institute for user 104_2','Degree for user 104_2','2023-11-29','2022-12-26','Description for user 104_2'),(176,105,'Institute for user 105_4','Degree for user 105_4','2022-11-29','2014-12-05','Description for user 105_4'),(177,105,'Institute for user 105_3','Degree for user 105_3','2018-11-29','2016-12-09','Description for user 105_3'),(178,105,'Institute for user 105_2','Degree for user 105_2','2021-11-29','2017-02-22','Description for user 105_2'),(179,106,'Institute for user 106_4','Degree for user 106_4','2018-11-29','2024-01-04','Description for user 106_4'),(180,106,'Institute for user 106_3','Degree for user 106_3','2014-11-29','2020-01-19','Description for user 106_3'),(181,106,'Institute for user 106_2','Degree for user 106_2','2020-11-29','2021-12-04','Description for user 106_2'),(182,107,'Institute for user 107_4','Degree for user 107_4','2018-11-29','2018-11-30','Description for user 107_4'),(183,107,'Institute for user 107_3','Degree for user 107_3','2019-11-29','2022-02-26','Description for user 107_3'),(184,107,'Institute for user 107_2','Degree for user 107_2','2023-11-29','2018-12-29','Description for user 107_2'),(185,108,'Institute for user 108_4','Degree for user 108_4','2023-11-29','2019-12-10','Description for user 108_4'),(186,108,'Institute for user 108_3','Degree for user 108_3','2022-11-29','2020-01-20','Description for user 108_3'),(187,108,'Institute for user 108_2','Degree for user 108_2','2017-11-29','2019-01-22','Description for user 108_2'),(188,114,'Institute for user 114_4','Degree for user 114_4','2019-11-29','2019-12-04','Description for user 114_4'),(189,114,'Institute for user 114_3','Degree for user 114_3','2015-11-29','2014-12-10','Description for user 114_3'),(190,114,'Institute for user 114_2','Degree for user 114_2','2015-11-29','2016-02-12','Description for user 114_2'),(191,115,'Institute for user 115_4','Degree for user 115_4','2018-11-29','2022-01-07','Description for user 115_4'),(192,115,'Institute for user 115_3','Degree for user 115_3','2019-11-29','2023-01-02','Description for user 115_3'),(193,115,'Institute for user 115_2','Degree for user 115_2','2020-11-29','2017-01-30','Description for user 115_2'),(194,116,'Institute for user 116_4','Degree for user 116_4','2022-11-29','2019-12-08','Description for user 116_4'),(195,116,'Institute for user 116_3','Degree for user 116_3','2023-11-29','2015-12-01','Description for user 116_3'),(196,116,'Institute for user 116_2','Degree for user 116_2','2017-11-29','2023-01-25','Description for user 116_2'),(197,117,'Institute for user 117_4','Degree for user 117_4','2015-11-29','2020-12-13','Description for user 117_4'),(198,117,'Institute for user 117_3','Degree for user 117_3','2016-11-29','2023-01-28','Description for user 117_3'),(199,117,'Institute for user 117_2','Degree for user 117_2','2015-11-29','2024-02-05','Description for user 117_2'),(200,118,'Institute for user 118_4','Degree for user 118_4','2017-11-29','2015-02-17','Description for user 118_4'),(201,118,'Institute for user 118_3','Degree for user 118_3','2018-11-29','2024-02-12','Description for user 118_3'),(202,118,'Institute for user 118_2','Degree for user 118_2','2015-11-29','2018-02-22','Description for user 118_2'),(203,119,'Institute for user 119_4','Degree for user 119_4','2017-11-29','2021-02-09','Description for user 119_4'),(204,119,'Institute for user 119_3','Degree for user 119_3','2014-11-29','2019-12-28','Description for user 119_3'),(205,119,'Institute for user 119_2','Degree for user 119_2','2021-11-29','2022-01-31','Description for user 119_2'),(206,120,'Institute for user 120_4','Degree for user 120_4','2017-11-29','2014-12-04','Description for user 120_4'),(207,120,'Institute for user 120_3','Degree for user 120_3','2020-11-29','2019-12-19','Description for user 120_3'),(208,120,'Institute for user 120_2','Degree for user 120_2','2016-11-29','2022-02-26','Description for user 120_2'),(209,121,'Institute for user 121_4','Degree for user 121_4','2022-11-29','2016-12-17','Description for user 121_4'),(210,121,'Institute for user 121_3','Degree for user 121_3','2016-11-29','2020-02-01','Description for user 121_3'),(211,121,'Institute for user 121_2','Degree for user 121_2','2021-11-29','2022-01-02','Description for user 121_2'),(212,122,'Institute for user 122_4','Degree for user 122_4','2022-11-29','2018-02-02','Description for user 122_4'),(213,122,'Institute for user 122_3','Degree for user 122_3','2017-11-29','2023-02-22','Description for user 122_3'),(214,122,'Institute for user 122_2','Degree for user 122_2','2022-11-29','2014-12-07','Description for user 122_2'),(215,123,'Institute for user 123_4','Degree for user 123_4','2016-11-29','2021-01-21','Description for user 123_4'),(216,123,'Institute for user 123_3','Degree for user 123_3','2015-11-29','2018-01-06','Description for user 123_3'),(217,123,'Institute for user 123_2','Degree for user 123_2','2021-11-29','2023-02-19','Description for user 123_2'),(218,129,'Institute for user 129_4','Degree for user 129_4','2023-11-29','2017-01-02','Description for user 129_4'),(219,129,'Institute for user 129_3','Degree for user 129_3','2017-11-29','2022-01-04','Description for user 129_3'),(220,129,'Institute for user 129_2','Degree for user 129_2','2022-11-29','2020-02-08','Description for user 129_2'),(221,130,'Institute for user 130_4','Degree for user 130_4','2017-11-29','2017-02-07','Description for user 130_4'),(222,130,'Institute for user 130_3','Degree for user 130_3','2017-11-29','2023-12-25','Description for user 130_3'),(223,130,'Institute for user 130_2','Degree for user 130_2','2021-11-29','2021-02-21','Description for user 130_2'),(224,131,'Institute for user 131_4','Degree for user 131_4','2017-11-29','2019-02-05','Description for user 131_4'),(225,131,'Institute for user 131_3','Degree for user 131_3','2023-11-29','2023-01-24','Description for user 131_3'),(226,131,'Institute for user 131_2','Degree for user 131_2','2018-11-29','2016-02-07','Description for user 131_2'),(227,132,'Institute for user 132_4','Degree for user 132_4','2021-11-29','2016-01-29','Description for user 132_4'),(228,132,'Institute for user 132_3','Degree for user 132_3','2016-11-29','2019-01-19','Description for user 132_3'),(229,132,'Institute for user 132_2','Degree for user 132_2','2022-11-29','2023-01-03','Description for user 132_2'),(230,133,'Institute for user 133_4','Degree for user 133_4','2020-11-29','2017-01-21','Description for user 133_4'),(231,133,'Institute for user 133_3','Degree for user 133_3','2017-11-29','2017-01-09','Description for user 133_3'),(232,133,'Institute for user 133_2','Degree for user 133_2','2022-11-29','2022-02-11','Description for user 133_2'),(233,134,'Institute for user 134_4','Degree for user 134_4','2019-11-29','2019-01-25','Description for user 134_4'),(234,134,'Institute for user 134_3','Degree for user 134_3','2019-11-29','2020-12-17','Description for user 134_3'),(235,134,'Institute for user 134_2','Degree for user 134_2','2023-11-29','2016-02-14','Description for user 134_2'),(236,135,'Institute for user 135_4','Degree for user 135_4','2015-11-29','2020-02-14','Description for user 135_4'),(237,135,'Institute for user 135_3','Degree for user 135_3','2014-11-29','2023-12-25','Description for user 135_3'),(238,135,'Institute for user 135_2','Degree for user 135_2','2020-11-29','2023-01-13','Description for user 135_2'),(239,136,'Institute for user 136_4','Degree for user 136_4','2023-11-29','2015-12-05','Description for user 136_4'),(240,136,'Institute for user 136_3','Degree for user 136_3','2016-11-29','2019-12-15','Description for user 136_3'),(241,136,'Institute for user 136_2','Degree for user 136_2','2019-11-29','2017-12-15','Description for user 136_2'),(242,137,'Institute for user 137_4','Degree for user 137_4','2016-11-29','2023-02-02','Description for user 137_4'),(243,137,'Institute for user 137_3','Degree for user 137_3','2023-11-29','2015-02-03','Description for user 137_3'),(244,137,'Institute for user 137_2','Degree for user 137_2','2016-11-29','2016-12-30','Description for user 137_2'),(245,138,'Institute for user 138_4','Degree for user 138_4','2019-11-29','2020-12-24','Description for user 138_4'),(246,138,'Institute for user 138_3','Degree for user 138_3','2020-11-29','2015-01-16','Description for user 138_3'),(247,138,'Institute for user 138_2','Degree for user 138_2','2014-11-29','2023-12-24','Description for user 138_2'),(248,144,'Institute for user 144_4','Degree for user 144_4','2020-11-29','2016-01-10','Description for user 144_4'),(249,144,'Institute for user 144_3','Degree for user 144_3','2018-11-29','2017-12-24','Description for user 144_3'),(250,144,'Institute for user 144_2','Degree for user 144_2','2018-11-29','2017-01-06','Description for user 144_2'),(251,145,'Institute for user 145_4','Degree for user 145_4','2017-11-29','2022-02-26','Description for user 145_4'),(252,145,'Institute for user 145_3','Degree for user 145_3','2021-11-29','2020-12-10','Description for user 145_3'),(253,145,'Institute for user 145_2','Degree for user 145_2','2019-11-29','2016-02-07','Description for user 145_2'),(254,146,'Institute for user 146_4','Degree for user 146_4','2019-11-29','2016-02-26','Description for user 146_4'),(255,146,'Institute for user 146_3','Degree for user 146_3','2020-11-29','2017-12-26','Description for user 146_3'),(256,146,'Institute for user 146_2','Degree for user 146_2','2018-11-29','2018-02-08','Description for user 146_2'),(257,147,'Institute for user 147_4','Degree for user 147_4','2014-11-29','2021-02-05','Description for user 147_4'),(258,147,'Institute for user 147_3','Degree for user 147_3','2015-11-29','2016-01-22','Description for user 147_3'),(259,147,'Institute for user 147_2','Degree for user 147_2','2018-11-29','2023-02-07','Description for user 147_2'),(260,148,'Institute for user 148_4','Degree for user 148_4','2018-11-29','2018-11-30','Description for user 148_4'),(261,148,'Institute for user 148_3','Degree for user 148_3','2020-11-29','2015-01-22','Description for user 148_3'),(262,148,'Institute for user 148_2','Degree for user 148_2','2023-11-29','2016-12-23','Description for user 148_2'),(263,149,'Institute for user 149_4','Degree for user 149_4','2022-11-29','2024-02-09','Description for user 149_4'),(264,149,'Institute for user 149_3','Degree for user 149_3','2016-11-29','2018-12-23','Description for user 149_3'),(265,149,'Institute for user 149_2','Degree for user 149_2','2016-11-29','2024-02-09','Description for user 149_2'),(266,150,'Institute for user 150_4','Degree for user 150_4','2014-11-29','2021-02-09','Description for user 150_4'),(267,150,'Institute for user 150_3','Degree for user 150_3','2023-11-29','2017-12-06','Description for user 150_3'),(268,150,'Institute for user 150_2','Degree for user 150_2','2018-11-29','2020-01-22','Description for user 150_2'),(269,151,'Institute for user 151_4','Degree for user 151_4','2017-11-29','2019-01-30','Description for user 151_4'),(270,151,'Institute for user 151_3','Degree for user 151_3','2016-11-29','2014-12-13','Description for user 151_3'),(271,151,'Institute for user 151_2','Degree for user 151_2','2023-11-29','2017-12-27','Description for user 151_2'),(272,152,'Institute for user 152_4','Degree for user 152_4','2019-11-29','2018-12-19','Description for user 152_4'),(273,152,'Institute for user 152_3','Degree for user 152_3','2019-11-29','2016-12-21','Description for user 152_3'),(274,152,'Institute for user 152_2','Degree for user 152_2','2014-11-29','2021-12-09','Description for user 152_2'),(275,153,'Institute for user 153_4','Degree for user 153_4','2015-11-29','2024-01-31','Description for user 153_4'),(276,153,'Institute for user 153_3','Degree for user 153_3','2021-11-29','2022-01-19','Description for user 153_3'),(277,153,'Institute for user 153_2','Degree for user 153_2','2014-11-29','2021-12-14','Description for user 153_2'),(278,159,'Institute for user 159_4','Degree for user 159_4','2022-11-29','2022-02-03','Description for user 159_4'),(279,159,'Institute for user 159_3','Degree for user 159_3','2014-11-29','2019-02-02','Description for user 159_3'),(280,159,'Institute for user 159_2','Degree for user 159_2','2023-11-29','2021-12-14','Description for user 159_2'),(281,160,'Institute for user 160_4','Degree for user 160_4','2014-11-29','2022-12-07','Description for user 160_4'),(282,160,'Institute for user 160_3','Degree for user 160_3','2015-11-29','2022-12-10','Description for user 160_3'),(283,160,'Institute for user 160_2','Degree for user 160_2','2022-11-29','2020-12-23','Description for user 160_2'),(284,161,'Institute for user 161_4','Degree for user 161_4','2020-11-29','2017-02-07','Description for user 161_4'),(285,161,'Institute for user 161_3','Degree for user 161_3','2017-11-29','2023-12-03','Description for user 161_3'),(286,161,'Institute for user 161_2','Degree for user 161_2','2022-11-29','2016-12-23','Description for user 161_2'),(287,162,'Institute for user 162_4','Degree for user 162_4','2023-11-29','2022-01-02','Description for user 162_4'),(288,162,'Institute for user 162_3','Degree for user 162_3','2023-11-29','2015-02-08','Description for user 162_3'),(289,162,'Institute for user 162_2','Degree for user 162_2','2014-11-29','2017-12-24','Description for user 162_2'),(290,163,'Institute for user 163_4','Degree for user 163_4','2019-11-29','2021-12-10','Description for user 163_4'),(291,163,'Institute for user 163_3','Degree for user 163_3','2016-11-29','2019-12-07','Description for user 163_3'),(292,163,'Institute for user 163_2','Degree for user 163_2','2023-11-29','2017-02-05','Description for user 163_2'),(293,164,'Institute for user 164_4','Degree for user 164_4','2019-11-29','2022-12-30','Description for user 164_4'),(294,164,'Institute for user 164_3','Degree for user 164_3','2021-11-29','2022-12-20','Description for user 164_3'),(295,164,'Institute for user 164_2','Degree for user 164_2','2018-11-29','2022-12-13','Description for user 164_2'),(296,165,'Institute for user 165_4','Degree for user 165_4','2021-11-29','2018-01-11','Description for user 165_4'),(297,165,'Institute for user 165_3','Degree for user 165_3','2019-11-29','2015-01-09','Description for user 165_3'),(298,165,'Institute for user 165_2','Degree for user 165_2','2020-11-29','2021-12-14','Description for user 165_2'),(299,166,'Institute for user 166_4','Degree for user 166_4','2022-11-29','2020-12-05','Description for user 166_4'),(300,166,'Institute for user 166_3','Degree for user 166_3','2020-11-29','2017-01-04','Description for user 166_3'),(301,166,'Institute for user 166_2','Degree for user 166_2','2015-11-29','2024-02-17','Description for user 166_2'),(302,167,'Institute for user 167_4','Degree for user 167_4','2022-11-29','2023-01-05','Description for user 167_4'),(303,167,'Institute for user 167_3','Degree for user 167_3','2018-11-29','2022-02-19','Description for user 167_3'),(304,167,'Institute for user 167_2','Degree for user 167_2','2017-11-29','2017-01-22','Description for user 167_2'),(305,168,'Institute for user 168_4','Degree for user 168_4','2016-11-29','2023-01-06','Description for user 168_4'),(306,168,'Institute for user 168_3','Degree for user 168_3','2017-11-29','2015-12-22','Description for user 168_3'),(307,168,'Institute for user 168_2','Degree for user 168_2','2015-11-29','2022-02-25','Description for user 168_2');
/*!40000 ALTER TABLE `Education` ENABLE KEYS */;
UNLOCK TABLES;

--
-- Table structure for table `Experience`
--

DROP TABLE IF EXISTS `Experience`;
/*!40101 SET @saved_cs_client     = @@character_set_client */;
/*!50503 SET character_set_client = utf8mb4 */;
CREATE TABLE `Experience` (
  `id` int unsigned NOT NULL AUTO_INCREMENT,
  `user` int unsigned NOT NULL,
  `organization` varchar(255) DEFAULT NULL,
  `title` varchar(255) DEFAULT NULL,
  `currentlyWorking` tinyint(1) NOT NULL DEFAULT '0',
  `startDate` date NOT NULL,
  `endDate` date DEFAULT NULL,
  `responsibilities` text,
  PRIMARY KEY (`id`),
  KEY `user` (`user`),
  CONSTRAINT `experience_ibfk_1` FOREIGN KEY (`user`) REFERENCES `Account` (`id`) ON DELETE CASCADE
) ENGINE=InnoDB AUTO_INCREMENT=520 DEFAULT CHARSET=utf8mb4 COLLATE=utf8mb4_0900_ai_ci;
/*!40101 SET character_set_client = @saved_cs_client */;

--
-- Dumping data for table `Experience`
--

LOCK TABLES `Experience` WRITE;
/*!40000 ALTER TABLE `Experience` DISABLE KEYS */;
INSERT INTO `Experience` VALUES (9,32,'Organization for user 32_3','Title for user 32_3',0,'2017-11-29','2016-12-29','Responsibilities for user 32_3'),(10,32,'Organization for user 32_2','Title for user 32_2',1,'2017-11-29','2023-01-27','Responsibilities for user 32_2'),(11,32,'Organization for user 32_1','Title for user 32_1',1,'2015-11-29',NULL,'Responsibilities for user 32_1'),(12,33,'Organization for user 33_3','Title for user 33_3',0,'2018-11-29','2015-12-23','Responsibilities for user 33_3'),(13,33,'Organization for user 33_2','Title for user 33_2',1,'2021-11-29',NULL,'Responsibilities for user 33_2'),(14,33,'Organization for user 33_1','Title for user 33_1',0,'2017-11-29','2021-12-21','Responsibilities for user 33_1'),(15,34,'Organization for user 34_3','Title for user 34_3',0,'2015-11-29',NULL,'Responsibilities for user 34_3'),(16,34,'Organization for user 34_2','Title for user 34_2',1,'2017-11-29',NULL,'Responsibilities for user 34_2'),(17,34,'Organization for user 34_1','Title for user 34_1',0,'2018-11-29','2014-12-12','Responsibilities for user 34_1'),(18,35,'Organization for user 35_3','Title for user 35_3',1,'2018-11-29',NULL,'Responsibilities for user 35_3'),(19,35,'Organization for user 35_2','Title for user 35_2',0,'2022-11-29',NULL,'Responsibilities for user 35_2'),(20,35,'Organization for user 35_1','Title for user 35_1',1,'2016-11-29','2023-01-16','Responsibilities for user 35_1'),(21,36,'Organization for user 36_3','Title for user 36_3',1,'2016-11-29','2022-12-27','Responsibilities for user 36_3'),(22,36,'Organization for user 36_2','Title for user 36_2',0,'2019-11-29','2022-01-10','Responsibilities for user 36_2'),(23,36,'Organization for user 36_1','Title for user 36_1',0,'2022-11-29','2015-12-09','Responsibilities for user 36_1'),(24,37,'Organization for user 37_3','Title for user 37_3',1,'2019-11-29',NULL,'Responsibilities for user 37_3'),(25,37,'Organization for user 37_2','Title for user 37_2',1,'2014-11-29','2020-01-22','Responsibilities for user 37_2'),(26,37,'Organization for user 37_1','Title for user 37_1',0,'2022-11-29','2022-11-30','Responsibilities for user 37_1'),(27,38,'Organization for user 38_3','Title for user 38_3',0,'2014-11-29','2022-12-17','Responsibilities for user 38_3'),(28,38,'Organization for user 38_2','Title for user 38_2',1,'2018-11-29','2019-12-16','Responsibilities for user 38_2'),(29,38,'Organization for user 38_1','Title for user 38_1',1,'2018-11-29','2019-12-13','Responsibilities for user 38_1'),(30,39,'Organization for user 39_3','Title for user 39_3',0,'2018-11-29',NULL,'Responsibilities for user 39_3'),(31,39,'Organization for user 39_2','Title for user 39_2',1,'2021-11-29','2015-01-23','Responsibilities for user 39_2'),(32,39,'Organization for user 39_1','Title for user 39_1',0,'2017-11-29',NULL,'Responsibilities for user 39_1'),(33,40,'Organization for user 40_3','Title for user 40_3',1,'2023-11-29','2016-12-31','Responsibilities for user 40_3'),(34,40,'Organization for user 40_2','Title for user 40_2',0,'2014-11-29',NULL,'Responsibilities for user 40_2'),(35,40,'Organization for user 40_1','Title for user 40_1',1,'2023-11-29',NULL,'Responsibilities for user 40_1'),(36,41,'Organization for user 41_3','Title for user 41_3',1,'2015-11-29','2020-12-31','Responsibilities for user 41_3'),(37,41,'Organization for user 41_2','Title for user 41_2',0,'2014-11-29',NULL,'Responsibilities for user 41_2'),(38,41,'Organization for user 41_1','Title for user 41_1',0,'2023-11-29',NULL,'Responsibilities for user 41_1'),(39,47,'Organization for user 47_3','Title for user 47_3',0,'2023-11-29',NULL,'Responsibilities for user 47_3'),(40,47,'Organization for user 47_2','Title for user 47_2',1,'2018-11-29',NULL,'Responsibilities for user 47_2'),(41,47,'Organization for user 47_1','Title for user 47_1',0,'2019-11-29','2021-01-25','Responsibilities for user 47_1'),(42,48,'Organization for user 48_3','Title for user 48_3',0,'2022-11-29',NULL,'Responsibilities for user 48_3'),(43,48,'Organization for user 48_2','Title for user 48_2',0,'2017-11-29','2019-01-22','Responsibilities for user 48_2'),(44,48,'Organization for user 48_1','Title for user 48_1',0,'2015-11-29',NULL,'Responsibilities for user 48_1'),(45,49,'Organization for user 49_3','Title for user 49_3',0,'2022-11-29','2022-12-27','Responsibilities for user 49_3'),(46,49,'Organization for user 49_2','Title for user 49_2',0,'2022-11-29','2018-12-03','Responsibilities for user 49_2'),(47,49,'Organization for user 49_1','Title for user 49_1',0,'2016-11-29','2024-01-21','Responsibilities for user 49_1'),(48,50,'Organization for user 50_3','Title for user 50_3',1,'2023-11-29','2024-01-25','Responsibilities for user 50_3'),(49,50,'Organization for user 50_2','Title for user 50_2',1,'2022-11-29','2019-12-25','Responsibilities for user 50_2'),(50,50,'Organization for user 50_1','Title for user 50_1',0,'2023-11-29',NULL,'Responsibilities for user 50_1'),(51,51,'Organization for user 51_3','Title for user 51_3',1,'2020-11-29','2019-01-01','Responsibilities for user 51_3'),(52,51,'Organization for user 51_2','Title for user 51_2',1,'2017-11-29',NULL,'Responsibilities for user 51_2'),(53,51,'Organization for user 51_1','Title for user 51_1',1,'2021-11-29',NULL,'Responsibilities for user 51_1'),(54,52,'Organization for user 52_3','Title for user 52_3',0,'2022-11-29','2022-12-11','Responsibilities for user 52_3'),(55,52,'Organization for user 52_2','Title for user 52_2',1,'2018-11-29','2019-12-08','Responsibilities for user 52_2'),(56,52,'Organization for user 52_1','Title for user 52_1',1,'2015-11-29','2022-11-30','Responsibilities for user 52_1'),(57,53,'Organization for user 53_3','Title for user 53_3',0,'2018-11-29',NULL,'Responsibilities for user 53_3'),(58,53,'Organization for user 53_2','Title for user 53_2',1,'2023-11-29',NULL,'Responsibilities for user 53_2'),(59,53,'Organization for user 53_1','Title for user 53_1',1,'2023-11-29','2018-12-05','Responsibilities for user 53_1'),(60,54,'Organization for user 54_3','Title for user 54_3',0,'2021-11-29','2023-01-22','Responsibilities for user 54_3'),(61,54,'Organization for user 54_2','Title for user 54_2',1,'2020-11-29','2018-01-20','Responsibilities for user 54_2'),(62,54,'Organization for user 54_1','Title for user 54_1',1,'2016-11-29',NULL,'Responsibilities for user 54_1'),(63,55,'Organization for user 55_3','Title for user 55_3',0,'2014-11-29','2016-01-20','Responsibilities for user 55_3'),(64,55,'Organization for user 55_2','Title for user 55_2',0,'2016-11-29',NULL,'Responsibilities for user 55_2'),(65,55,'Organization for user 55_1','Title for user 55_1',0,'2016-11-29',NULL,'Responsibilities for user 55_1'),(66,56,'Organization for user 56_3','Title for user 56_3',0,'2018-11-29','2014-12-22','Responsibilities for user 56_3'),(67,56,'Organization for user 56_2','Title for user 56_2',1,'2017-11-29','2023-11-30','Responsibilities for user 56_2'),(68,56,'Organization for user 56_1','Title for user 56_1',0,'2015-11-29','2014-12-05','Responsibilities for user 56_1'),(69,62,'Organization for user 62_3','Title for user 62_3',0,'2016-11-29','2019-01-11','Responsibilities for user 62_3'),(70,62,'Organization for user 62_2','Title for user 62_2',0,'2016-11-29','2018-12-21','Responsibilities for user 62_2'),(71,62,'Organization for user 62_1','Title for user 62_1',1,'2021-11-29','2024-01-04','Responsibilities for user 62_1'),(72,63,'Organization for user 63_3','Title for user 63_3',0,'2022-11-29',NULL,'Responsibilities for user 63_3'),(73,63,'Organization for user 63_2','Title for user 63_2',0,'2015-11-29','2019-12-18','Responsibilities for user 63_2'),(74,63,'Organization for user 63_1','Title for user 63_1',1,'2021-11-29','2014-12-05','Responsibilities for user 63_1'),(75,64,'Organization for user 64_3','Title for user 64_3',0,'2023-11-29',NULL,'Responsibilities for user 64_3'),(76,64,'Organization for user 64_2','Title for user 64_2',1,'2021-11-29',NULL,'Responsibilities for user 64_2'),(77,64,'Organization for user 64_1','Title for user 64_1',1,'2014-11-29','2019-01-24','Responsibilities for user 64_1'),(78,65,'Organization for user 65_3','Title for user 65_3',1,'2018-11-29','2021-01-25','Responsibilities for user 65_3'),(79,65,'Organization for user 65_2','Title for user 65_2',0,'2019-11-29',NULL,'Responsibilities for user 65_2'),(80,65,'Organization for user 65_1','Title for user 65_1',0,'2015-11-29',NULL,'Responsibilities for user 65_1'),(81,66,'Organization for user 66_3','Title for user 66_3',1,'2019-11-29','2023-12-26','Responsibilities for user 66_3'),(82,66,'Organization for user 66_2','Title for user 66_2',1,'2016-11-29',NULL,'Responsibilities for user 66_2'),(83,66,'Organization for user 66_1','Title for user 66_1',1,'2021-11-29',NULL,'Responsibilities for user 66_1'),(84,69,'Organization for user 69_3','Title for user 69_3',1,'2015-11-29','2022-12-28','Responsibilities for user 69_3'),(85,69,'Organization for user 69_2','Title for user 69_2',0,'2023-11-29','2018-12-13','Responsibilities for user 69_2'),(86,69,'Organization for user 69_1','Title for user 69_1',1,'2020-11-29',NULL,'Responsibilities for user 69_1'),(87,70,'Organization for user 70_3','Title for user 70_3',0,'2020-11-29',NULL,'Responsibilities for user 70_3'),(88,70,'Organization for user 70_2','Title for user 70_2',0,'2015-11-29',NULL,'Responsibilities for user 70_2'),(89,70,'Organization for user 70_1','Title for user 70_1',0,'2019-11-29',NULL,'Responsibilities for user 70_1'),(90,71,'Organization for user 71_3','Title for user 71_3',0,'2019-11-29',NULL,'Responsibilities for user 71_3'),(91,71,'Organization for user 71_2','Title for user 71_2',0,'2019-11-29',NULL,'Responsibilities for user 71_2'),(92,71,'Organization for user 71_1','Title for user 71_1',0,'2014-11-29',NULL,'Responsibilities for user 71_1'),(93,72,'Organization for user 72_3','Title for user 72_3',0,'2014-11-29','2016-01-28','Responsibilities for user 72_3'),(94,72,'Organization for user 72_2','Title for user 72_2',1,'2020-11-29',NULL,'Responsibilities for user 72_2'),(95,72,'Organization for user 72_1','Title for user 72_1',0,'2021-11-29',NULL,'Responsibilities for user 72_1'),(96,73,'Organization for user 73_3','Title for user 73_3',1,'2018-11-29','2017-01-20','Responsibilities for user 73_3'),(97,73,'Organization for user 73_2','Title for user 73_2',0,'2023-11-29',NULL,'Responsibilities for user 73_2'),(98,73,'Organization for user 73_1','Title for user 73_1',1,'2017-11-29','2015-12-26','Responsibilities for user 73_1'),(99,74,'Organization for user 74_3','Title for user 74_3',0,'2018-11-29',NULL,'Responsibilities for user 74_3'),(100,74,'Organization for user 74_2','Title for user 74_2',0,'2022-11-29','2021-12-23','Responsibilities for user 74_2'),(101,74,'Organization for user 74_1','Title for user 74_1',1,'2021-11-29',NULL,'Responsibilities for user 74_1'),(102,75,'Organization for user 75_3','Title for user 75_3',1,'2017-11-29','2023-12-27','Responsibilities for user 75_3'),(103,75,'Organization for user 75_2','Title for user 75_2',1,'2016-11-29','2023-01-12','Responsibilities for user 75_2'),(104,75,'Organization for user 75_1','Title for user 75_1',1,'2017-11-29','2019-12-24','Responsibilities for user 75_1'),(105,76,'Organization for user 76_3','Title for user 76_3',0,'2016-11-29','2022-01-04','Responsibilities for user 76_3'),(106,76,'Organization for user 76_2','Title for user 76_2',1,'2020-11-29','2018-01-09','Responsibilities for user 76_2'),(107,76,'Organization for user 76_1','Title for user 76_1',1,'2019-11-29',NULL,'Responsibilities for user 76_1'),(108,77,'Organization for user 77_3','Title for user 77_3',0,'2020-11-29',NULL,'Responsibilities for user 77_3'),(109,77,'Organization for user 77_2','Title for user 77_2',0,'2017-11-29','2024-01-26','Responsibilities for user 77_2'),(110,77,'Organization for user 77_1','Title for user 77_1',0,'2015-11-29','2015-12-20','Responsibilities for user 77_1'),(111,78,'Organization for user 78_3','Title for user 78_3',1,'2021-11-29',NULL,'Responsibilities for user 78_3'),(112,78,'Organization for user 78_2','Title for user 78_2',0,'2019-11-29',NULL,'Responsibilities for user 78_2'),(113,78,'Organization for user 78_1','Title for user 78_1',0,'2015-11-29',NULL,'Responsibilities for user 78_1'),(114,84,'Organization for user 84_3','Title for user 84_3',0,'2021-11-29','2019-01-04','Responsibilities for user 84_3'),(115,84,'Organization for user 84_2','Title for user 84_2',1,'2021-11-29','2017-12-30','Responsibilities for user 84_2'),(116,84,'Organization for user 84_1','Title for user 84_1',0,'2022-11-29',NULL,'Responsibilities for user 84_1'),(117,85,'Organization for user 85_3','Title for user 85_3',1,'2015-11-29','2021-12-25','Responsibilities for user 85_3'),(118,85,'Organization for user 85_2','Title for user 85_2',1,'2017-11-29',NULL,'Responsibilities for user 85_2'),(119,85,'Organization for user 85_1','Title for user 85_1',1,'2014-11-29','2019-12-10','Responsibilities for user 85_1'),(120,86,'Organization for user 86_3','Title for user 86_3',0,'2018-11-29','2018-01-11','Responsibilities for user 86_3'),(121,86,'Organization for user 86_2','Title for user 86_2',0,'2017-11-29',NULL,'Responsibilities for user 86_2'),(122,86,'Organization for user 86_1','Title for user 86_1',1,'2016-11-29','2015-12-29','Responsibilities for user 86_1'),(123,87,'Organization for user 87_3','Title for user 87_3',0,'2019-11-29','2024-01-15','Responsibilities for user 87_3'),(124,87,'Organization for user 87_2','Title for user 87_2',0,'2016-11-29','2016-12-16','Responsibilities for user 87_2'),(125,87,'Organization for user 87_1','Title for user 87_1',1,'2022-11-29',NULL,'Responsibilities for user 87_1'),(126,88,'Organization for user 88_3','Title for user 88_3',0,'2017-11-29',NULL,'Responsibilities for user 88_3'),(127,88,'Organization for user 88_2','Title for user 88_2',1,'2018-11-29','2019-12-21','Responsibilities for user 88_2'),(128,88,'Organization for user 88_1','Title for user 88_1',1,'2023-11-29',NULL,'Responsibilities for user 88_1'),(129,89,'Organization for user 89_3','Title for user 89_3',0,'2023-11-29','2019-12-13','Responsibilities for user 89_3'),(130,89,'Organization for user 89_2','Title for user 89_2',0,'2014-11-29','2016-01-02','Responsibilities for user 89_2'),(131,89,'Organization for user 89_1','Title for user 89_1',1,'2022-11-29',NULL,'Responsibilities for user 89_1'),(132,90,'Organization for user 90_3','Title for user 90_3',0,'2015-11-29',NULL,'Responsibilities for user 90_3'),(133,90,'Organization for user 90_2','Title for user 90_2',0,'2020-11-29','2021-01-17','Responsibilities for user 90_2'),(134,90,'Organization for user 90_1','Title for user 90_1',0,'2014-11-29','2023-01-27','Responsibilities for user 90_1'),(135,91,'Organization for user 91_3','Title for user 91_3',1,'2017-11-29',NULL,'Responsibilities for user 91_3'),(136,91,'Organization for user 91_2','Title for user 91_2',1,'2015-11-29','2019-12-15','Responsibilities for user 91_2'),(137,91,'Organization for user 91_1','Title for user 91_1',1,'2019-11-29',NULL,'Responsibilities for user 91_1'),(138,92,'Organization for user 92_3','Title for user 92_3',0,'2018-11-29',NULL,'Responsibilities for user 92_3'),(139,92,'Organization for user 92_2','Title for user 92_2',1,'2021-11-29','2015-12-09','Responsibilities for user 92_2'),(140,92,'Organization for user 92_1','Title for user 92_1',1,'2017-11-29','2017-12-02','Responsibilities for user 92_1'),(141,93,'Organization for user 93_3','Title for user 93_3',1,'2022-11-29',NULL,'Responsibilities for user 93_3'),(142,93,'Organization for user 93_2','Title for user 93_2',1,'2023-11-29',NULL,'Responsibilities for user 93_2'),(143,93,'Organization for user 93_1','Title for user 93_1',0,'2015-11-29','2020-12-12','Responsibilities for user 93_1'),(144,99,'Organization for user 99_3','Title for user 99_3',1,'2015-11-29','2018-01-10','Responsibilities for user 99_3'),(145,99,'Organization for user 99_2','Title for user 99_2',0,'2016-11-29','2020-01-02','Responsibilities for user 99_2'),(146,99,'Organization for user 99_1','Title for user 99_1',1,'2020-11-29',NULL,'Responsibilities for user 99_1'),(147,100,'Organization for user 100_3','Title for user 100_3',1,'2022-11-29','2023-01-24','Responsibilities for user 100_3'),(148,100,'Organization for user 100_2','Title for user 100_2',1,'2022-11-29',NULL,'Responsibilities for user 100_2'),(149,100,'Organization for user 100_1','Title for user 100_1',1,'2016-11-29','2019-01-19','Responsibilities for user 100_1'),(150,101,'Organization for user 101_3','Title for user 101_3',0,'2016-11-29','2019-01-24','Responsibilities for user 101_3'),(151,101,'Organization for user 101_2','Title for user 101_2',0,'2018-11-29',NULL,'Responsibilities for user 101_2'),(152,101,'Organization for user 101_1','Title for user 101_1',0,'2014-11-29','2023-12-14','Responsibilities for user 101_1'),(153,102,'Organization for user 102_3','Title for user 102_3',1,'2020-11-29',NULL,'Responsibilities for user 102_3'),(154,102,'Organization for user 102_2','Title for user 102_2',0,'2017-11-29','2016-01-15','Responsibilities for user 102_2'),(155,102,'Organization for user 102_1','Title for user 102_1',1,'2016-11-29',NULL,'Responsibilities for user 102_1'),(156,103,'Organization for user 103_3','Title for user 103_3',1,'2019-11-29',NULL,'Responsibilities for user 103_3'),(157,103,'Organization for user 103_2','Title for user 103_2',0,'2015-11-29','2015-01-12','Responsibilities for user 103_2'),(158,103,'Organization for user 103_1','Title for user 103_1',0,'2018-11-29',NULL,'Responsibilities for user 103_1'),(159,104,'Organization for user 104_3','Title for user 104_3',1,'2023-11-29','2020-01-23','Responsibilities for user 104_3'),(160,104,'Organization for user 104_2','Title for user 104_2',1,'2016-11-29',NULL,'Responsibilities for user 104_2'),(161,104,'Organization for user 104_1','Title for user 104_1',1,'2015-11-29','2018-12-19','Responsibilities for user 104_1'),(162,105,'Organization for user 105_3','Title for user 105_3',0,'2014-11-29','2018-01-01','Responsibilities for user 105_3'),(163,105,'Organization for user 105_2','Title for user 105_2',0,'2023-11-29','2017-01-07','Responsibilities for user 105_2'),(164,105,'Organization for user 105_1','Title for user 105_1',1,'2017-11-29',NULL,'Responsibilities for user 105_1'),(165,106,'Organization for user 106_3','Title for user 106_3',1,'2018-11-29',NULL,'Responsibilities for user 106_3'),(166,106,'Organization for user 106_2','Title for user 106_2',1,'2022-11-29',NULL,'Responsibilities for user 106_2'),(167,106,'Organization for user 106_1','Title for user 106_1',0,'2014-11-29','2015-01-21','Responsibilities for user 106_1'),(168,107,'Organization for user 107_3','Title for user 107_3',0,'2015-11-29','2018-01-18','Responsibilities for user 107_3'),(169,107,'Organization for user 107_2','Title for user 107_2',1,'2015-11-29','2019-12-05','Responsibilities for user 107_2'),(170,107,'Organization for user 107_1','Title for user 107_1',1,'2015-11-29','2017-12-28','Responsibilities for user 107_1'),(171,108,'Organization for user 108_3','Title for user 108_3',1,'2023-11-29',NULL,'Responsibilities for user 108_3'),(172,108,'Organization for user 108_2','Title for user 108_2',0,'2014-11-29','2015-12-21','Responsibilities for user 108_2'),(173,108,'Organization for user 108_1','Title for user 108_1',1,'2021-11-29','2018-12-30','Responsibilities for user 108_1'),(174,114,'Organization for user 114_3','Title for user 114_3',1,'2018-11-29','2023-01-01','Responsibilities for user 114_3'),(175,114,'Organization for user 114_2','Title for user 114_2',1,'2021-11-29','2016-01-26','Responsibilities for user 114_2'),(176,114,'Organization for user 114_1','Title for user 114_1',1,'2014-11-29','2017-12-05','Responsibilities for user 114_1'),(177,115,'Organization for user 115_3','Title for user 115_3',0,'2021-11-29','2018-12-04','Responsibilities for user 115_3'),(178,115,'Organization for user 115_2','Title for user 115_2',0,'2019-11-29','2019-01-20','Responsibilities for user 115_2'),(179,115,'Organization for user 115_1','Title for user 115_1',0,'2019-11-29','2017-01-04','Responsibilities for user 115_1'),(180,116,'Organization for user 116_3','Title for user 116_3',0,'2017-11-29','2018-01-19','Responsibilities for user 116_3'),(181,116,'Organization for user 116_2','Title for user 116_2',1,'2019-11-29','2017-01-28','Responsibilities for user 116_2'),(182,116,'Organization for user 116_1','Title for user 116_1',0,'2020-11-29','2019-01-17','Responsibilities for user 116_1'),(183,117,'Organization for user 117_3','Title for user 117_3',1,'2015-11-29','2024-01-09','Responsibilities for user 117_3'),(184,117,'Organization for user 117_2','Title for user 117_2',1,'2022-11-29',NULL,'Responsibilities for user 117_2'),(185,117,'Organization for user 117_1','Title for user 117_1',1,'2023-11-29',NULL,'Responsibilities for user 117_1'),(186,118,'Organization for user 118_3','Title for user 118_3',1,'2022-11-29',NULL,'Responsibilities for user 118_3'),(187,118,'Organization for user 118_2','Title for user 118_2',1,'2021-11-29',NULL,'Responsibilities for user 118_2'),(188,118,'Organization for user 118_1','Title for user 118_1',1,'2021-11-29','2020-01-18','Responsibilities for user 118_1'),(189,119,'Organization for user 119_3','Title for user 119_3',0,'2020-11-29',NULL,'Responsibilities for user 119_3'),(190,119,'Organization for user 119_2','Title for user 119_2',0,'2022-11-29',NULL,'Responsibilities for user 119_2'),(191,119,'Organization for user 119_1','Title for user 119_1',1,'2018-11-29',NULL,'Responsibilities for user 119_1'),(192,120,'Organization for user 120_3','Title for user 120_3',1,'2021-11-29','2016-01-27','Responsibilities for user 120_3'),(193,120,'Organization for user 120_2','Title for user 120_2',1,'2022-11-29',NULL,'Responsibilities for user 120_2'),(194,120,'Organization for user 120_1','Title for user 120_1',0,'2022-11-29','2014-12-04','Responsibilities for user 120_1'),(195,121,'Organization for user 121_3','Title for user 121_3',0,'2020-11-29','2023-12-20','Responsibilities for user 121_3'),(196,121,'Organization for user 121_2','Title for user 121_2',0,'2017-11-29','2015-12-01','Responsibilities for user 121_2'),(197,121,'Organization for user 121_1','Title for user 121_1',1,'2019-11-29','2019-01-23','Responsibilities for user 121_1'),(198,122,'Organization for user 122_3','Title for user 122_3',0,'2022-11-29',NULL,'Responsibilities for user 122_3'),(199,122,'Organization for user 122_2','Title for user 122_2',0,'2018-11-29',NULL,'Responsibilities for user 122_2'),(200,122,'Organization for user 122_1','Title for user 122_1',0,'2020-11-29',NULL,'Responsibilities for user 122_1'),(201,123,'Organization for user 123_3','Title for user 123_3',0,'2016-11-29','2019-01-16','Responsibilities for user 123_3'),(202,123,'Organization for user 123_2','Title for user 123_2',1,'2020-11-29','2016-12-28','Responsibilities for user 123_2'),(203,123,'Organization for user 123_1','Title for user 123_1',1,'2022-11-29',NULL,'Responsibilities for user 123_1'),(204,129,'Organization for user 129_3','Title for user 129_3',0,'2018-11-29',NULL,'Responsibilities for user 129_3'),(205,129,'Organization for user 129_2','Title for user 129_2',0,'2014-11-29','2014-12-13','Responsibilities for user 129_2'),(206,129,'Organization for user 129_1','Title for user 129_1',1,'2018-11-29',NULL,'Responsibilities for user 129_1'),(207,130,'Organization for user 130_3','Title for user 130_3',1,'2014-11-29',NULL,'Responsibilities for user 130_3'),(208,130,'Organization for user 130_2','Title for user 130_2',1,'2023-11-29',NULL,'Responsibilities for user 130_2'),(209,130,'Organization for user 130_1','Title for user 130_1',1,'2019-11-29','2016-01-01','Responsibilities for user 130_1'),(210,131,'Organization for user 131_3','Title for user 131_3',1,'2015-11-29',NULL,'Responsibilities for user 131_3'),(211,131,'Organization for user 131_2','Title for user 131_2',1,'2016-11-29','2020-01-11','Responsibilities for user 131_2'),(212,131,'Organization for user 131_1','Title for user 131_1',1,'2018-11-29','2016-01-16','Responsibilities for user 131_1'),(213,132,'Organization for user 132_3','Title for user 132_3',1,'2021-11-29',NULL,'Responsibilities for user 132_3'),(214,132,'Organization for user 132_2','Title for user 132_2',0,'2017-11-29','2017-01-18','Responsibilities for user 132_2'),(215,132,'Organization for user 132_1','Title for user 132_1',0,'2021-11-29','2023-12-18','Responsibilities for user 132_1'),(216,133,'Organization for user 133_3','Title for user 133_3',1,'2020-11-29',NULL,'Responsibilities for user 133_3'),(217,133,'Organization for user 133_2','Title for user 133_2',1,'2023-11-29',NULL,'Responsibilities for user 133_2'),(218,133,'Organization for user 133_1','Title for user 133_1',1,'2019-11-29','2017-01-06','Responsibilities for user 133_1'),(219,134,'Organization for user 134_3','Title for user 134_3',1,'2021-11-29',NULL,'Responsibilities for user 134_3'),(220,134,'Organization for user 134_2','Title for user 134_2',0,'2016-11-29','2014-12-08','Responsibilities for user 134_2'),(221,134,'Organization for user 134_1','Title for user 134_1',0,'2018-11-29','2020-12-01','Responsibilities for user 134_1'),(222,135,'Organization for user 135_3','Title for user 135_3',1,'2019-11-29','2022-12-05','Responsibilities for user 135_3'),(223,135,'Organization for user 135_2','Title for user 135_2',1,'2016-11-29','2023-12-28','Responsibilities for user 135_2'),(224,135,'Organization for user 135_1','Title for user 135_1',1,'2022-11-29',NULL,'Responsibilities for user 135_1'),(225,136,'Organization for user 136_3','Title for user 136_3',0,'2021-11-29','2023-01-09','Responsibilities for user 136_3'),(226,136,'Organization for user 136_2','Title for user 136_2',1,'2019-11-29','2024-01-02','Responsibilities for user 136_2'),(227,136,'Organization for user 136_1','Title for user 136_1',0,'2015-11-29',NULL,'Responsibilities for user 136_1'),(228,137,'Organization for user 137_3','Title for user 137_3',1,'2014-11-29',NULL,'Responsibilities for user 137_3'),(229,137,'Organization for user 137_2','Title for user 137_2',0,'2016-11-29','2016-01-25','Responsibilities for user 137_2'),(230,137,'Organization for user 137_1','Title for user 137_1',1,'2019-11-29',NULL,'Responsibilities for user 137_1'),(231,138,'Organization for user 138_3','Title for user 138_3',1,'2016-11-29','2019-12-26','Responsibilities for user 138_3'),(232,138,'Organization for user 138_2','Title for user 138_2',0,'2021-11-29','2019-12-27','Responsibilities for user 138_2'),(233,138,'Organization for user 138_1','Title for user 138_1',0,'2016-11-29',NULL,'Responsibilities for user 138_1'),(234,144,'Organization for user 144_3','Title for user 144_3',1,'2018-11-29',NULL,'Responsibilities for user 144_3'),(235,144,'Organization for user 144_2','Title for user 144_2',0,'2018-11-29','2016-01-13','Responsibilities for user 144_2'),(236,144,'Organization for user 144_1','Title for user 144_1',1,'2023-11-29',NULL,'Responsibilities for user 144_1'),(237,145,'Organization for user 145_3','Title for user 145_3',1,'2016-11-29',NULL,'Responsibilities for user 145_3'),(238,145,'Organization for user 145_2','Title for user 145_2',0,'2017-11-29','2020-12-25','Responsibilities for user 145_2'),(239,145,'Organization for user 145_1','Title for user 145_1',0,'2018-11-29','2023-01-03','Responsibilities for user 145_1'),(240,146,'Organization for user 146_3','Title for user 146_3',1,'2022-11-29','2015-01-12','Responsibilities for user 146_3'),(241,146,'Organization for user 146_2','Title for user 146_2',0,'2019-11-29','2022-01-05','Responsibilities for user 146_2'),(242,146,'Organization for user 146_1','Title for user 146_1',1,'2017-11-29',NULL,'Responsibilities for user 146_1'),(243,147,'Organization for user 147_3','Title for user 147_3',1,'2023-11-29',NULL,'Responsibilities for user 147_3'),(244,147,'Organization for user 147_2','Title for user 147_2',0,'2014-11-29',NULL,'Responsibilities for user 147_2'),(245,147,'Organization for user 147_1','Title for user 147_1',1,'2021-11-29',NULL,'Responsibilities for user 147_1'),(246,148,'Organization for user 148_3','Title for user 148_3',0,'2021-11-29',NULL,'Responsibilities for user 148_3'),(247,148,'Organization for user 148_2','Title for user 148_2',1,'2020-11-29',NULL,'Responsibilities for user 148_2'),(248,148,'Organization for user 148_1','Title for user 148_1',0,'2021-11-29','2024-01-28','Responsibilities for user 148_1'),(249,149,'Organization for user 149_3','Title for user 149_3',0,'2015-11-29',NULL,'Responsibilities for user 149_3'),(250,149,'Organization for user 149_2','Title for user 149_2',0,'2023-11-29','2016-12-24','Responsibilities for user 149_2'),(251,149,'Organization for user 149_1','Title for user 149_1',0,'2017-11-29','2015-01-09','Responsibilities for user 149_1'),(252,150,'Organization for user 150_3','Title for user 150_3',1,'2015-11-29',NULL,'Responsibilities for user 150_3'),(253,150,'Organization for user 150_2','Title for user 150_2',0,'2016-11-29',NULL,'Responsibilities for user 150_2'),(254,150,'Organization for user 150_1','Title for user 150_1',1,'2020-11-29',NULL,'Responsibilities for user 150_1'),(255,151,'Organization for user 151_3','Title for user 151_3',0,'2019-11-29',NULL,'Responsibilities for user 151_3'),(256,151,'Organization for user 151_2','Title for user 151_2',0,'2015-11-29',NULL,'Responsibilities for user 151_2'),(257,151,'Organization for user 151_1','Title for user 151_1',0,'2016-11-29','2017-12-26','Responsibilities for user 151_1'),(258,152,'Organization for user 152_3','Title for user 152_3',1,'2020-11-29',NULL,'Responsibilities for user 152_3'),(259,152,'Organization for user 152_2','Title for user 152_2',1,'2018-11-29',NULL,'Responsibilities for user 152_2'),(260,152,'Organization for user 152_1','Title for user 152_1',1,'2018-11-29',NULL,'Responsibilities for user 152_1'),(261,153,'Organization for user 153_3','Title for user 153_3',1,'2020-11-29',NULL,'Responsibilities for user 153_3'),(262,153,'Organization for user 153_2','Title for user 153_2',1,'2019-11-29',NULL,'Responsibilities for user 153_2'),(263,153,'Organization for user 153_1','Title for user 153_1',1,'2020-11-29',NULL,'Responsibilities for user 153_1'),(264,159,'Organization for user 159_3','Title for user 159_3',1,'2016-11-29','2018-01-03','Responsibilities for user 159_3'),(265,159,'Organization for user 159_2','Title for user 159_2',0,'2017-11-29','2019-12-05','Responsibilities for user 159_2'),(266,159,'Organization for user 159_1','Title for user 159_1',1,'2019-11-29','2019-01-07','Responsibilities for user 159_1'),(267,160,'Organization for user 160_3','Title for user 160_3',1,'2022-11-29',NULL,'Responsibilities for user 160_3'),(268,160,'Organization for user 160_2','Title for user 160_2',0,'2020-11-29','2022-01-15','Responsibilities for user 160_2'),(269,160,'Organization for user 160_1','Title for user 160_1',1,'2015-11-29',NULL,'Responsibilities for user 160_1'),(270,161,'Organization for user 161_3','Title for user 161_3',0,'2019-11-29',NULL,'Responsibilities for user 161_3'),(271,161,'Organization for user 161_2','Title for user 161_2',0,'2021-11-29','2024-01-10','Responsibilities for user 161_2'),(272,161,'Organization for user 161_1','Title for user 161_1',1,'2015-11-29','2020-01-11','Responsibilities for user 161_1'),(273,162,'Organization for user 162_3','Title for user 162_3',1,'2023-11-29',NULL,'Responsibilities for user 162_3'),(274,162,'Organization for user 162_2','Title for user 162_2',0,'2014-11-29','2019-12-10','Responsibilities for user 162_2'),(275,162,'Organization for user 162_1','Title for user 162_1',0,'2019-11-29',NULL,'Responsibilities for user 162_1'),(276,163,'Organization for user 163_3','Title for user 163_3',1,'2016-11-29',NULL,'Responsibilities for user 163_3'),(277,163,'Organization for user 163_2','Title for user 163_2',1,'2023-11-29',NULL,'Responsibilities for user 163_2'),(278,163,'Organization for user 163_1','Title for user 163_1',0,'2020-11-29','2022-01-03','Responsibilities for user 163_1'),(279,164,'Organization for user 164_3','Title for user 164_3',1,'2021-11-29','2020-12-19','Responsibilities for user 164_3'),(280,164,'Organization for user 164_2','Title for user 164_2',0,'2017-11-29','2021-12-15','Responsibilities for user 164_2'),(281,164,'Organization for user 164_1','Title for user 164_1',0,'2021-11-29','2016-01-20','Responsibilities for user 164_1'),(282,165,'Organization for user 165_3','Title for user 165_3',0,'2020-11-29',NULL,'Responsibilities for user 165_3'),(283,165,'Organization for user 165_2','Title for user 165_2',1,'2018-11-29',NULL,'Responsibilities for user 165_2'),(284,165,'Organization for user 165_1','Title for user 165_1',0,'2018-11-29',NULL,'Responsibilities for user 165_1'),(285,166,'Organization for user 166_3','Title for user 166_3',1,'2016-11-29','2021-12-28','Responsibilities for user 166_3'),(286,166,'Organization for user 166_2','Title for user 166_2',0,'2014-11-29','2014-12-19','Responsibilities for user 166_2'),(287,166,'Organization for user 166_1','Title for user 166_1',0,'2020-11-29','2014-12-05','Responsibilities for user 166_1'),(288,167,'Organization for user 167_3','Title for user 167_3',0,'2017-11-29',NULL,'Responsibilities for user 167_3'),(289,167,'Organization for user 167_2','Title for user 167_2',1,'2014-11-29','2016-01-26','Responsibilities for user 167_2'),(290,167,'Organization for user 167_1','Title for user 167_1',1,'2017-11-29',NULL,'Responsibilities for user 167_1'),(291,168,'Organization for user 168_3','Title for user 168_3',1,'2021-11-29','2022-01-03','Responsibilities for user 168_3'),(292,168,'Organization for user 168_2','Title for user 168_2',1,'2018-11-29','2021-01-18','Responsibilities for user 168_2'),(293,168,'Organization for user 168_1','Title for user 168_1',1,'2019-11-29',NULL,'Responsibilities for user 168_1');
/*!40000 ALTER TABLE `Experience` ENABLE KEYS */;
UNLOCK TABLES;

--
-- Table structure for table `Project`
--

DROP TABLE IF EXISTS `Project`;
/*!40101 SET @saved_cs_client     = @@character_set_client */;
/*!50503 SET character_set_client = utf8mb4 */;
CREATE TABLE `Project` (
  `id` int unsigned NOT NULL AUTO_INCREMENT,
  `manager` int unsigned NOT NULL,
  `name` varchar(255) NOT NULL,
  `client` varchar(255) DEFAULT NULL,
  `description` text,
  `proposal_date` date DEFAULT NULL,
  `status` int NOT NULL DEFAULT '1',
  PRIMARY KEY (`id`),
  KEY `manager` (`manager`),
  CONSTRAINT `project_ibfk_1` FOREIGN KEY (`manager`) REFERENCES `Account` (`id`) ON DELETE CASCADE
) ENGINE=InnoDB DEFAULT CHARSET=utf8mb4 COLLATE=utf8mb4_0900_ai_ci;
/*!40101 SET character_set_client = @saved_cs_client */;

--
-- Dumping data for table `Project`
--

LOCK TABLES `Project` WRITE;
/*!40000 ALTER TABLE `Project` DISABLE KEYS */;
/*!40000 ALTER TABLE `Project` ENABLE KEYS */;
UNLOCK TABLES;

--
-- Table structure for table `ProjectEmployee`
--

DROP TABLE IF EXISTS `ProjectEmployee`;
/*!40101 SET @saved_cs_client     = @@character_set_client */;
/*!50503 SET character_set_client = utf8mb4 */;
CREATE TABLE `ProjectEmployee` (
  `employee` int unsigned NOT NULL,
  `project` int unsigned NOT NULL,
  `position` varchar(255) DEFAULT NULL,
  `dateAdded` timestamp NULL DEFAULT NULL,
  PRIMARY KEY (`employee`,`project`),
  KEY `project` (`project`),
  CONSTRAINT `projectemployee_ibfk_1` FOREIGN KEY (`employee`) REFERENCES `Account` (`id`) ON DELETE CASCADE,
  CONSTRAINT `projectemployee_ibfk_2` FOREIGN KEY (`project`) REFERENCES `Project` (`id`) ON DELETE CASCADE
) ENGINE=InnoDB DEFAULT CHARSET=utf8mb4 COLLATE=utf8mb4_0900_ai_ci;
/*!40101 SET character_set_client = @saved_cs_client */;

--
-- Dumping data for table `ProjectEmployee`
--

LOCK TABLES `ProjectEmployee` WRITE;
/*!40000 ALTER TABLE `ProjectEmployee` DISABLE KEYS */;
/*!40000 ALTER TABLE `ProjectEmployee` ENABLE KEYS */;
UNLOCK TABLES;

--
-- Table structure for table `ProjectResumeSection`
--

DROP TABLE IF EXISTS `ProjectResumeSection`;
/*!40101 SET @saved_cs_client     = @@character_set_client */;
/*!50503 SET character_set_client = utf8mb4 */;
CREATE TABLE `ProjectResumeSection` (
  `project` int unsigned NOT NULL,
  `section` varchar(255) NOT NULL,
  `required` int NOT NULL DEFAULT '0',
  `order_no` int DEFAULT '-1',
  PRIMARY KEY (`project`,`section`),
  CONSTRAINT `projectresumesection_ibfk_1` FOREIGN KEY (`project`) REFERENCES `Project` (`id`) ON DELETE CASCADE
) ENGINE=InnoDB DEFAULT CHARSET=utf8mb4 COLLATE=utf8mb4_0900_ai_ci;
/*!40101 SET character_set_client = @saved_cs_client */;

--
-- Dumping data for table `ProjectResumeSection`
--

LOCK TABLES `ProjectResumeSection` WRITE;
/*!40000 ALTER TABLE `ProjectResumeSection` DISABLE KEYS */;
/*!40000 ALTER TABLE `ProjectResumeSection` ENABLE KEYS */;
UNLOCK TABLES;

--
-- Table structure for table `Skill`
--

DROP TABLE IF EXISTS `Skill`;
/*!40101 SET @saved_cs_client     = @@character_set_client */;
/*!50503 SET character_set_client = utf8mb4 */;
CREATE TABLE `Skill` (
  `user` int unsigned NOT NULL,
  `name` varchar(128) NOT NULL,
  PRIMARY KEY (`user`,`name`),
  CONSTRAINT `skill_ibfk_1` FOREIGN KEY (`user`) REFERENCES `Account` (`id`) ON DELETE CASCADE
) ENGINE=InnoDB DEFAULT CHARSET=utf8mb4 COLLATE=utf8mb4_0900_ai_ci;
/*!40101 SET character_set_client = @saved_cs_client */;

--
-- Dumping data for table `Skill`
--

LOCK TABLES `Skill` WRITE;
/*!40000 ALTER TABLE `Skill` DISABLE KEYS */;
INSERT INTO `Skill` VALUES (32,'.NET'),(32,'CSS'),(32,'Django'),(32,'Flask'),(32,'HTML'),(32,'J2EE'),(32,'MySQL'),(32,'PostgreSQL'),(33,'Angular'),(33,'C++'),(33,'JavaScript'),(33,'MongoDB'),(33,'Node'),(33,'Python'),(33,'Redux'),(33,'SQL'),(34,'Angular'),(34,'C#'),(34,'Flask'),(34,'HTML'),(34,'JavaScript'),(34,'MongoDB'),(34,'Redux'),(34,'TypeScript'),(35,'C#'),(35,'Flask'),(35,'J2EE'),(35,'MongoDB'),(35,'Node'),(35,'Python'),(35,'React'),(35,'TypeScript'),(36,'.NET'),(36,'C#'),(36,'Django'),(36,'Express'),(36,'J2EE'),(36,'Java'),(36,'MySQL'),(36,'Python'),(37,'.NET'),(37,'Angular'),(37,'CSS'),(37,'Django'),(37,'Node'),(37,'Redux'),(37,'SQL'),(37,'TypeScript'),(38,'CSS'),(38,'Django'),(38,'Flask'),(38,'J2EE'),(38,'Java'),(38,'MongoDB'),(38,'Python'),(38,'TypeScript'),(39,'Angular'),(39,'C++'),(39,'Django'),(39,'Flask'),(39,'JavaScript'),(39,'MySQL'),(39,'PostgreSQL'),(39,'Redux'),(40,'.NET'),(40,'C#'),(40,'Django'),(40,'Flask'),(40,'J2EE'),(40,'JavaScript'),(40,'React'),(40,'SpringBoot'),(41,'.NET'),(41,'C#'),(41,'Flask'),(41,'Node'),(41,'PostgreSQL'),(41,'Python'),(41,'Redux'),(41,'SpringBoot'),(47,'C++'),(47,'Express'),(47,'Java'),(47,'JavaScript'),(47,'MongoDB'),(47,'Python'),(47,'React'),(47,'SpringBoot'),(48,'C#'),(48,'C++'),(48,'Django'),(48,'Express'),(48,'JavaScript'),(48,'PostgreSQL'),(48,'Python'),(48,'React'),(49,'CSS'),(49,'Django'),(49,'J2EE'),(49,'JavaScript'),(49,'Node'),(49,'PostgreSQL'),(49,'React'),(49,'SQL'),(50,'Express'),(50,'Java'),(50,'JavaScript'),(50,'MongoDB'),(50,'Node'),(50,'Python'),(50,'React'),(50,'SpringBoot'),(51,'Angular'),(51,'C#'),(51,'C++'),(51,'Express'),(51,'J2EE'),(51,'Java'),(51,'React'),(51,'Redux'),(52,'.NET'),(52,'Flask'),(52,'Java'),(52,'JavaScript'),(52,'MySQL'),(52,'Node'),(52,'React'),(52,'TypeScript'),(53,'HTML'),(53,'J2EE'),(53,'JavaScript'),(53,'MySQL'),(53,'Node'),(53,'PostgreSQL'),(53,'SpringBoot'),(53,'TypeScript'),(54,'.NET'),(54,'Angular'),(54,'C++'),(54,'J2EE'),(54,'JavaScript'),(54,'PostgreSQL'),(54,'SpringBoot'),(54,'TypeScript'),(55,'C#'),(55,'C++'),(55,'Flask'),(55,'HTML'),(55,'MySQL'),(55,'PostgreSQL'),(55,'Python'),(55,'SpringBoot'),(56,'Angular'),(56,'C#'),(56,'C++'),(56,'J2EE'),(56,'JavaScript'),(56,'MongoDB'),(56,'React'),(56,'SQL'),(62,'CSS'),(62,'Django'),(62,'Express'),(62,'J2EE'),(62,'Java'),(62,'PostgreSQL'),(62,'Redux'),(62,'SQL'),(63,'.NET'),(63,'C#'),(63,'HTML'),(63,'PostgreSQL'),(63,'Python'),(63,'Redux'),(63,'SQL'),(63,'TypeScript'),(64,'.NET'),(64,'Angular'),(64,'Express'),(64,'Java'),(64,'MySQL'),(64,'PostgreSQL'),(64,'Python'),(64,'TypeScript'),(65,'CSS'),(65,'Django'),(65,'HTML'),(65,'MongoDB'),(65,'PostgreSQL'),(65,'React'),(65,'Redux'),(65,'TypeScript'),(66,'Flask'),(66,'J2EE'),(66,'Java'),(66,'JavaScript'),(66,'Node'),(66,'Python'),(66,'React'),(66,'Redux'),(69,'Angular'),(69,'C#'),(69,'Express'),(69,'J2EE'),(69,'MongoDB'),(69,'PostgreSQL'),(69,'Redux'),(69,'TypeScript'),(70,'.NET'),(70,'Angular'),(70,'CSS'),(70,'Django'),(70,'Express'),(70,'Node'),(70,'PostgreSQL'),(70,'SpringBoot'),(71,'C#'),(71,'Express'),(71,'Flask'),(71,'Node'),(71,'Redux'),(71,'SpringBoot'),(71,'SQL'),(71,'TypeScript'),(72,'.NET'),(72,'C++'),(72,'CSS'),(72,'MySQL'),(72,'Node'),(72,'PostgreSQL'),(72,'SpringBoot'),(72,'TypeScript'),(73,'Angular'),(73,'C#'),(73,'C++'),(73,'Java'),(73,'MongoDB'),(73,'React'),(73,'Redux'),(73,'SpringBoot'),(74,'Angular'),(74,'Django'),(74,'Express'),(74,'Java'),(74,'MySQL'),(74,'PostgreSQL'),(74,'Python'),(74,'SpringBoot'),(75,'Angular'),(75,'C++'),(75,'Express'),(75,'Java'),(75,'JavaScript'),(75,'MySQL'),(75,'Node'),(75,'SpringBoot'),(76,'.NET'),(76,'CSS'),(76,'Django'),(76,'Express'),(76,'Node'),(76,'PostgreSQL'),(76,'SQL'),(76,'TypeScript'),(77,'Angular'),(77,'C#'),(77,'CSS'),(77,'Django'),(77,'J2EE'),(77,'JavaScript'),(77,'Redux'),(77,'TypeScript'),(78,'CSS'),(78,'Django'),(78,'Express'),(78,'Flask'),(78,'J2EE'),(78,'PostgreSQL'),(78,'SpringBoot'),(78,'TypeScript'),(84,'Angular'),(84,'C++'),(84,'CSS'),(84,'MongoDB'),(84,'React'),(84,'SpringBoot'),(84,'SQL'),(84,'TypeScript'),(85,'CSS'),(85,'Flask'),(85,'HTML'),(85,'MongoDB'),(85,'MySQL'),(85,'Node'),(85,'PostgreSQL'),(85,'SQL'),(86,'.NET'),(86,'Angular'),(86,'C++'),(86,'MySQL'),(86,'PostgreSQL'),(86,'React'),(86,'SpringBoot'),(86,'TypeScript'),(87,'.NET'),(87,'C#'),(87,'Django'),(87,'Express'),(87,'J2EE'),(87,'Java'),(87,'MySQL'),(87,'Python'),(88,'Angular'),(88,'C++'),(88,'Django'),(88,'Express'),(88,'Flask'),(88,'JavaScript'),(88,'MongoDB'),(88,'PostgreSQL'),(89,'CSS'),(89,'Django'),(89,'Flask'),(89,'MongoDB'),(89,'Node'),(89,'PostgreSQL'),(89,'Python'),(89,'SQL'),(90,'Angular'),(90,'C#'),(90,'Express'),(90,'HTML'),(90,'J2EE'),(90,'Java'),(90,'MySQL'),(90,'TypeScript'),(91,'C#'),(91,'C++'),(91,'Django'),(91,'J2EE'),(91,'MySQL'),(91,'Node'),(91,'SpringBoot'),(91,'TypeScript'),(92,'C#'),(92,'CSS'),(92,'Django'),(92,'Express'),(92,'MongoDB'),(92,'MySQL'),(92,'Node'),(92,'PostgreSQL'),(93,'.NET'),(93,'C#'),(93,'C++'),(93,'CSS'),(93,'MongoDB'),(93,'PostgreSQL'),(93,'Redux'),(93,'SpringBoot'),(99,'Angular'),(99,'CSS'),(99,'Flask'),(99,'J2EE'),(99,'MongoDB'),(99,'Node'),(99,'PostgreSQL'),(99,'Redux'),(100,'C++'),(100,'CSS'),(100,'J2EE'),(100,'Node'),(100,'Python'),(100,'React'),(100,'SpringBoot'),(100,'TypeScript'),(101,'.NET'),(101,'CSS'),(101,'Django'),(101,'Express'),(101,'JavaScript'),(101,'Redux'),(101,'SpringBoot'),(101,'SQL'),(102,'.NET'),(102,'CSS'),(102,'Django'),(102,'HTML'),(102,'J2EE'),(102,'Python'),(102,'React'),(102,'SpringBoot'),(103,'.NET'),(103,'Django'),(103,'J2EE'),(103,'Java'),(103,'PostgreSQL'),(103,'React'),(103,'SQL'),(103,'TypeScript'),(104,'C#'),(104,'Django'),(104,'HTML'),(104,'J2EE'),(104,'MySQL'),(104,'Python'),(104,'Redux'),(104,'SpringBoot'),(105,'C++'),(105,'HTML'),(105,'Java'),(105,'JavaScript'),(105,'MongoDB'),(105,'Python'),(105,'React'),(105,'SpringBoot'),(106,'.NET'),(106,'C#'),(106,'Express'),(106,'Flask'),(106,'HTML'),(106,'J2EE'),(106,'Java'),(106,'MySQL'),(107,'Angular'),(107,'Express'),(107,'Flask'),(107,'HTML'),(107,'JavaScript'),(107,'MySQL'),(107,'PostgreSQL'),(107,'React'),(108,'Angular'),(108,'C++'),(108,'Express'),(108,'J2EE'),(108,'JavaScript'),(108,'MySQL'),(108,'Node'),(108,'Redux'),(114,'.NET'),(114,'CSS'),(114,'Express'),(114,'HTML'),(114,'MySQL'),(114,'PostgreSQL'),(114,'Redux'),(114,'SpringBoot'),(115,'CSS'),(115,'Express'),(115,'Flask'),(115,'J2EE'),(115,'Node'),(115,'Python'),(115,'Redux'),(115,'TypeScript'),(116,'.NET'),(116,'Angular'),(116,'Django'),(116,'HTML'),(116,'J2EE'),(116,'Java'),(116,'Node'),(116,'TypeScript'),(117,'C#'),(117,'Django'),(117,'HTML'),(117,'J2EE'),(117,'MongoDB'),(117,'MySQL'),(117,'Redux'),(117,'SpringBoot'),(118,'C#'),(118,'Flask'),(118,'HTML'),(118,'J2EE'),(118,'Java'),(118,'JavaScript'),(118,'MySQL'),(118,'SpringBoot'),(119,'Angular'),(119,'C#'),(119,'Django'),(119,'Java'),(119,'Node'),(119,'React'),(119,'SQL'),(119,'TypeScript'),(120,'.NET'),(120,'C#'),(120,'CSS'),(120,'Express'),(120,'HTML'),(120,'Java'),(120,'PostgreSQL'),(120,'SpringBoot'),(121,'Angular'),(121,'C#'),(121,'C++'),(121,'CSS'),(121,'Express'),(121,'MongoDB'),(121,'MySQL'),(121,'Redux'),(122,'CSS'),(122,'Flask'),(122,'HTML'),(122,'JavaScript'),(122,'MongoDB'),(122,'React'),(122,'SpringBoot'),(122,'SQL'),(123,'.NET'),(123,'Angular'),(123,'CSS'),(123,'Express'),(123,'HTML'),(123,'J2EE'),(123,'JavaScript'),(123,'MongoDB'),(129,'.NET'),(129,'Django'),(129,'Express'),(129,'HTML'),(129,'JavaScript'),(129,'MongoDB'),(129,'SpringBoot'),(129,'TypeScript'),(130,'Angular'),(130,'Django'),(130,'Flask'),(130,'HTML'),(130,'MongoDB'),(130,'Python'),(130,'SpringBoot'),(130,'SQL'),(131,'C++'),(131,'Flask'),(131,'HTML'),(131,'Java'),(131,'MongoDB'),(131,'Node'),(131,'React'),(131,'SpringBoot'),(132,'C++'),(132,'Flask'),(132,'HTML'),(132,'J2EE'),(132,'JavaScript'),(132,'MySQL'),(132,'Node'),(132,'React'),(133,'Express'),(133,'J2EE'),(133,'JavaScript'),(133,'MongoDB'),(133,'MySQL'),(133,'Python'),(133,'React'),(133,'SpringBoot'),(134,'Django'),(134,'Flask'),(134,'J2EE'),(134,'Java'),(134,'MongoDB'),(134,'React'),(134,'Redux'),(134,'SpringBoot'),(135,'.NET'),(135,'C#'),(135,'C++'),(135,'J2EE'),(135,'MySQL'),(135,'React'),(135,'SQL'),(135,'TypeScript'),(136,'.NET'),(136,'Django'),(136,'Express'),(136,'JavaScript'),(136,'MySQL'),(136,'Python'),(136,'React'),(136,'TypeScript'),(137,'C#'),(137,'C++'),(137,'CSS'),(137,'Java'),(137,'PostgreSQL'),(137,'Python'),(137,'SpringBoot'),(137,'SQL'),(138,'Angular'),(138,'C++'),(138,'Express'),(138,'Flask'),(138,'HTML'),(138,'Java'),(138,'MongoDB'),(138,'SQL'),(144,'Angular'),(144,'C#'),(144,'J2EE'),(144,'Java'),(144,'JavaScript'),(144,'React'),(144,'Redux'),(144,'SQL'),(145,'C++'),(145,'Django'),(145,'HTML'),(145,'J2EE'),(145,'Java'),(145,'MongoDB'),(145,'Python'),(145,'SQL'),(146,'Django'),(146,'Flask'),(146,'HTML'),(146,'Java'),(146,'MongoDB'),(146,'PostgreSQL'),(146,'Python'),(146,'SQL'),(147,'C#'),(147,'C++'),(147,'Flask'),(147,'HTML'),(147,'Java'),(147,'Node'),(147,'React'),(147,'Redux'),(148,'.NET'),(148,'C++'),(148,'CSS'),(148,'Django'),(148,'MySQL'),(148,'Node'),(148,'React'),(148,'Redux'),(149,'Angular'),(149,'C#'),(149,'CSS'),(149,'HTML'),(149,'JavaScript'),(149,'Node'),(149,'React'),(149,'SpringBoot'),(150,'.NET'),(150,'C++'),(150,'Express'),(150,'Java'),(150,'Node'),(150,'React'),(150,'SpringBoot'),(150,'TypeScript'),(151,'Angular'),(151,'Django'),(151,'Express'),(151,'MongoDB'),(151,'Node'),(151,'React'),(151,'Redux'),(151,'SQL'),(152,'Angular'),(152,'C++'),(152,'CSS'),(152,'Django'),(152,'PostgreSQL'),(152,'React'),(152,'SpringBoot'),(152,'SQL'),(153,'.NET'),(153,'CSS'),(153,'Flask'),(153,'Java'),(153,'MySQL'),(153,'PostgreSQL'),(153,'Redux'),(153,'SQL'),(159,'C#'),(159,'C++'),(159,'CSS'),(159,'Express'),(159,'J2EE'),(159,'Java'),(159,'JavaScript'),(159,'TypeScript'),(160,'Angular'),(160,'CSS'),(160,'Django'),(160,'Flask'),(160,'J2EE'),(160,'MySQL'),(160,'Node'),(160,'PostgreSQL'),(161,'C#'),(161,'J2EE'),(161,'Java'),(161,'JavaScript'),(161,'MongoDB'),(161,'PostgreSQL'),(161,'Python'),(161,'SpringBoot'),(162,'Angular'),(162,'C#'),(162,'C++'),(162,'CSS'),(162,'PostgreSQL'),(162,'Redux'),(162,'SpringBoot'),(162,'TypeScript'),(163,'.NET'),(163,'C++'),(163,'Django'),(163,'Flask'),(163,'J2EE'),(163,'Python'),(163,'React'),(163,'SpringBoot'),(164,'.NET'),(164,'C#'),(164,'Django'),(164,'JavaScript'),(164,'Python'),(164,'React'),(164,'Redux'),(164,'SpringBoot'),(165,'C#'),(165,'C++'),(165,'CSS'),(165,'J2EE'),(165,'Node'),(165,'PostgreSQL'),(165,'Python'),(165,'SQL'),(166,'Angular'),(166,'C++'),(166,'CSS'),(166,'Express'),(166,'Flask'),(166,'JavaScript'),(166,'MongoDB'),(166,'SpringBoot'),(167,'.NET'),(167,'C#'),(167,'Express'),(167,'HTML'),(167,'Node'),(167,'PostgreSQL'),(167,'SQL'),(167,'TypeScript'),(168,'CSS'),(168,'J2EE'),(168,'MongoDB'),(168,'Node'),(168,'Python'),(168,'Redux'),(168,'SQL'),(168,'TypeScript');
/*!40000 ALTER TABLE `Skill` ENABLE KEYS */;
UNLOCK TABLES;
/*!40103 SET TIME_ZONE=@OLD_TIME_ZONE */;

/*!40101 SET SQL_MODE=@OLD_SQL_MODE */;
/*!40014 SET FOREIGN_KEY_CHECKS=@OLD_FOREIGN_KEY_CHECKS */;
/*!40014 SET UNIQUE_CHECKS=@OLD_UNIQUE_CHECKS */;
/*!40101 SET CHARACTER_SET_CLIENT=@OLD_CHARACTER_SET_CLIENT */;
/*!40101 SET CHARACTER_SET_RESULTS=@OLD_CHARACTER_SET_RESULTS */;
/*!40101 SET COLLATION_CONNECTION=@OLD_COLLATION_CONNECTION */;
/*!40111 SET SQL_NOTES=@OLD_SQL_NOTES */;

-- Dump completed on 2023-11-29 11:29:03
